TimeStamp(s),FrameCounter,AccX,AccY,AccZ,GyrX,GyrY,GyrZ,EulerX,EulerY,EulerZ,Description,FALL
0.01,1,-0.038,-1.015,0.038,1.3750992,0.8021411999999999,-1.2605076000000002,92.10872808,-1.99962342,-63.81033246000001,T02,0
0.02,2,-0.032,-1.008,0.037,2.4637194,0.6302538000000001,-0.8594370000000001,92.13737598,-1.99389384,-63.80460287999999,T02,0
0.03,3,-0.036,-1.003,0.039,2.4637194,0.5156622000000001,-0.572958,92.1602943,-1.98816426,-63.7988733,T02,0
0.04,4,-0.038,-0.992,0.034,2.6356068,0.4583664000000001,-0.4010705999999999,92.1889422,-1.98243468,-63.79314372,T02,0
0.05,5,-0.043,-0.991,0.0409999999999999,3.151269,0.4583664000000001,-0.6302538000000001,92.2175901,-1.9767051,-63.78741414,T02,0
0.06,6,-0.048,-0.996,0.045,3.0939732,0.6875496,-0.8594370000000001,92.22904926,-1.98816426,-63.78741414,T02,0
0.0699999999999999,7,-0.052,-1.003,0.044,3.151269,0.9167328,-1.0886202,92.25769716,-1.9767051,-63.77595498000001,T02,0
0.08,8,-0.052,-1.006,0.0409999999999999,3.0939732,1.4896908000000002,-1.2605076000000002,92.29207464,-1.96524594,-63.75876624,T02,0
0.09,9,-0.048,-1.005,0.038,2.6356068,2.0053530000000004,-1.2605076000000002,92.31499296,-1.95378678,-63.73584792000001,T02,0
0.0999999999999999,10,-0.045,-1.006,0.0409999999999999,2.2345362,2.1199446,-1.0886202,92.33791128,-1.94232762,-63.71865918,T02,0
0.11,11,-0.043,-1.009,0.044,2.1199446,1.8334656000000005,-0.9167328,92.32645212,-1.94232762,-63.69574086,T02,0
0.12,12,-0.0409999999999999,-1.013,0.045,1.9480572,1.7761698,-0.8594370000000001,92.34937044,-1.93086846,-63.678552120000006,T02,0
0.13,13,-0.039,-1.016,0.042,1.4896908000000002,1.8907614,-0.8021411999999999,92.36082960000002,-1.92513888,-63.66136338,T02,0
0.14,14,-0.0409999999999999,-1.01,0.038,1.0313244,1.9480572,-0.7448454000000001,92.37228876,-1.9194093000000003,-63.63844506,T02,0
0.15,15,-0.044,-1.001,0.043,1.3178034,2.1199446,-0.6875496,92.38374792,-1.91367972,-63.61552673999999,T02,0
0.16,16,-0.043,-1.0,0.046,1.6615782,2.3491278,-0.5156622000000001,92.37228876,-1.9194093000000003,-63.59260842,T02,0
0.17,17,-0.044,-1.004,0.049,1.7761698,2.2345362,-0.5156622000000001,92.3894775,-1.91367972,-63.56969010000001,T02,0
0.18,18,-0.046,-1.006,0.047,1.3178034,1.8334656000000005,-0.6302538000000001,92.40093666,-1.90795014,-63.55250136000001,T02,0
0.19,19,-0.047,-1.009,0.042,0.9167328,1.6042823999999998,-0.7448454000000001,92.41239582,-1.90222056,-63.53531262,T02,0
0.2,20,-0.048,-1.01,0.039,0.4010705999999999,1.8907614,-0.8021411999999999,92.41239582,-1.89649098,-63.51812388,T02,0
0.21,21,-0.045,-1.011,0.038,-0.1145916,2.6356068,-0.6875496,92.35510002,-1.89649098,-63.48947598,T02,0
0.22,22,-0.039,-1.01,0.031,-0.5156622000000001,2.86479,-0.4583664000000001,92.34937044,-1.89649098,-63.46082808,T02,0
0.23,23,-0.035,-1.008,0.03,-0.9167328,2.8074942000000003,-0.2291832000000001,92.33791128,-1.89649098,-63.43218018,T02,0
0.24,24,-0.031,-1.007,0.031,-0.9167328,2.4637194,-0.0572958,92.32645212,-1.89649098,-63.40926186,T02,0
0.25,25,-0.033,-1.006,0.031,-0.7448454000000001,1.9480572,0.0,92.31499296,-1.89649098,-63.38634354000001,T02,0
0.26,26,-0.036,-1.003,0.03,-0.8021411999999999,1.3178034,-0.0572958,92.19467178,-1.90222056,-63.3691548,T02,0
0.27,27,-0.042,-1.0,0.0289999999999999,-0.7448454000000001,0.8021411999999999,-0.0572958,92.18321262,-1.90222056,-63.36342522,T02,0
0.28,28,-0.046,-0.999,0.031,-0.5156622000000001,0.4583664000000001,-0.0572958,92.17748304,-1.90222056,-63.35769564,T02,0
0.29,29,-0.047,-1.003,0.03,-0.572958,0.2291832000000001,-0.1145916,92.17175346,-1.90222056,-63.35196606000001,T02,0
0.3,30,-0.049,-1.003,0.035,-0.572958,0.0572958,-0.1718874,92.16602387999998,-1.89649098,-63.35196606000001,T02,0
0.31,31,-0.048,-1.006,0.037,-0.1145916,0.3437748,-0.3437748,92.02851396,-1.96524594,-63.36342522,T02,0
0.32,32,-0.045,-1.01,0.037,-0.0572958,0.5156622000000001,-0.4010705999999999,92.02851396,-1.9595163600000003,-63.35769564,T02,0
0.33,33,-0.043,-1.01,0.038,-0.2291832000000001,0.572958,-0.286479,92.02851396,-1.95378678,-63.35196606000001,T02,0
0.34,34,-0.0409999999999999,-1.009,0.039,-0.286479,0.6302538000000001,-0.2291832000000001,92.02278438,-1.95378678,-63.3405069,T02,0
0.35,35,-0.0409999999999999,-1.009,0.038,-0.4583664000000001,0.4010705999999999,-0.2291832000000001,92.0170548,-1.95378678,-63.3405069,T02,0
0.36,36,-0.0409999999999999,-1.008,0.036,-0.572958,0.3437748,-0.1145916,91.89673362,-1.95378678,-63.32904774000001,T02,0
0.37,37,-0.04,-1.008,0.033,-0.8021411999999999,0.4583664000000001,-0.0572958,91.89100404,-1.95378678,-63.32331816,T02,0
0.38,38,-0.039,-1.004,0.031,-1.145916,0.5156622000000001,-0.0572958,91.8738153,-1.95378678,-63.317588580000006,T02,0
0.39,39,-0.037,-1.0,0.026,-1.2605076000000002,0.4010705999999999,-0.0572958,91.86235614,-1.95378678,-63.317588580000006,T02,0
0.4,40,-0.035,-0.999,0.0289999999999999,-1.0886202,0.1145916,0.0,91.85089698,-1.95378678,-63.31185900000001,T02,0
0.41,41,-0.036,-1.001,0.031,-0.7448454000000001,-0.4010705999999999,0.0572958,91.7592237,-1.94232762,-63.31185900000001,T02,0
0.42,42,-0.037,-1.003,0.035,-0.3437748,-1.0313244,0.0572958,91.75349412,-1.94232762,-63.32331816,T02,0
0.43,43,-0.04,-1.007,0.038,-0.3437748,-1.3178034,0.0,91.75349412,-1.94232762,-63.33477732,T02,0
0.44,44,-0.04,-1.009,0.035,-0.6302538000000001,-1.432395,-0.1718874,91.74776454000002,-1.94232762,-63.34623648,T02,0
0.45,45,-0.04,-1.01,0.03,-0.8594370000000001,-1.7188740000000002,-0.2291832000000001,91.73630538,-1.93659804,-63.36342522,T02,0
0.46,46,-0.04,-1.008,0.03,-0.6875496,-1.8907614,-0.286479,91.68473916,-1.93659804,-63.38061395999999,T02,0
0.47,47,-0.042,-1.007,0.032,-0.572958,-2.0626488000000003,-0.286479,91.67900958,-1.93086846,-63.40353228,T02,0
0.48,48,-0.0409999999999999,-1.003,0.033,-0.7448454000000001,-2.291832,-0.2291832000000001,91.67328,-1.93086846,-63.4264506,T02,0
0.49,49,-0.039,-1.003,0.031,-1.0313244,-2.7501984,-0.2291832000000001,91.66182084,-1.92513888,-63.4550985,T02,0
0.5,50,-0.038,-1.009,0.0289999999999999,-1.6042823999999998,-2.8074942000000003,-0.286479,91.65036168,-1.9194093000000003,-63.4837464,T02,0
0.51,51,-0.036,-1.01,0.026,-2.2345362,-2.1199446,-0.4010705999999999,91.59306588,-1.91367972,-63.50093514,T02,0
0.52,52,-0.035,-1.009,0.023,-2.4637194,-1.7761698,-0.4583664000000001,91.57014756,-1.90795014,-63.51812388,T02,0
0.53,53,-0.032,-1.01,0.02,-2.4064236,-2.1199446,-0.2291832000000001,91.54149966,-1.90222056,-63.54104220000001,T02,0
0.54,54,-0.026,-1.011,0.02,-2.3491278,-2.9793816000000004,-0.1145916,91.51858134,-1.90222056,-63.56969010000001,T02,0
0.55,55,-0.024,-1.011,0.024,-2.4637194,-3.9534102,-0.0572958,91.49566302,-1.90222056,-63.60979716000001,T02,0
0.56,56,-0.023,-1.013,0.0289999999999999,-2.86479,-4.5263682,-0.1145916,91.45555596,-1.87930224,-63.64990422,T02,0
0.5700000000000001,57,-0.02,-1.013,0.0289999999999999,-3.8961144,-5.1566220000000005,-0.1145916,91.42117848,-1.87930224,-63.70147044,T02,0
0.5800000000000001,58,-0.016,-1.01,0.025,-4.8128472,-5.958763200000001,0.0,91.37534184,-1.87357266,-63.75876624,T02,0
0.59,59,-0.02,-1.007,0.019,-5.3285094000000015,-6.589017,0.0572958,91.32377562,-1.87357266,-63.82752120000001,T02,0
0.6,60,-0.026,-1.006,0.013,-5.6722842,-6.760904399999999,0.0,91.26647982,-1.86784308,-63.89627615999999,T02,0
0.61,61,-0.033,-1.008,0.0139999999999999,-5.7868758000000025,-6.417129599999999,-0.1145916,91.19772486,-1.86784308,-63.95930154,T02,0
0.62,62,-0.035,-1.013,0.016,-5.9014674000000005,-6.1879464,-0.3437748,91.14042906,-1.85638392,-64.02232692,T02,0
0.63,63,-0.034,-1.015,0.015,-6.016058999999999,-6.0733548,-0.5156622000000001,91.08313326,-1.85065434,-64.07962272,T02,0
0.64,64,-0.032,-1.01,0.006,-5.958763200000001,-6.0733548,-0.4583664000000001,91.02010788,-1.84492476,-64.1426481,T02,0
0.65,65,-0.0279999999999999,-1.001,0.003,-5.3285094000000015,-6.0733548,-0.3437748,90.96854166,-1.83919518,-64.19994390000001,T02,0
0.66,66,-0.025,-0.994,0.0,-4.8701430000000006,-5.9014674000000005,-0.3437748,90.8997867,-1.82200644,-64.2572397,T02,0
0.67,67,-0.022,-0.991,0.001,-4.4117766,-5.7868758000000025,-0.3437748,90.85967964,-1.81627686,-64.3145355,T02,0
0.68,68,-0.02,-0.997,0.006,-3.7815228,-6.130650599999999,-0.4010705999999999,90.81957258,-1.81054728,-64.37756088,T02,0
0.6900000000000001,69,-0.019,-1.007,0.003,-3.5523396000000003,-6.8182002000000015,-0.286479,90.79092468,-1.8048177,-64.44631584,T02,0
0.7000000000000001,70,-0.019,-1.016,0.0,-3.7815228,-7.2765666,-0.0572958,90.75081762,-1.8048177,-64.52080038,T02,0
0.7100000000000001,71,-0.02,-1.018,0.0,-4.1252976000000015,-7.3911582,0.2291832000000001,90.69352182,-1.7933585399999998,-64.58955533999999,T02,0
0.72,72,-0.022,-1.018,-0.001,-4.2398892,-7.161975,0.5156622000000001,90.65341476,-1.79908812,-64.65831030000001,T02,0
0.73,73,-0.023,-1.016,0.0,-4.3544808,-6.875496000000001,0.6302538000000001,90.6133077,-1.79908812,-64.72706526,T02,0
0.74,74,-0.023,-1.008,-0.001,-4.1825934,-7.0473834,0.6875496,90.57320064,-1.8048177,-64.79582022,T02,0
0.75,75,-0.026,-1.003,0.0,-3.151269,-7.2192707999999985,0.572958,90.54455274,-1.81054728,-64.87030476,T02,0
0.76,76,-0.031,-1.003,0.0,-2.9220858,-7.5630456000000015,0.7448454000000001,90.4987161,-1.81054728,-64.9447893,T02,0
0.77,77,-0.04,-1.002,0.002,-2.7501984,-7.9641161999999985,0.8594370000000001,90.47579778,-1.82200644,-65.02500341999999,T02,0
0.78,78,-0.049,-1.005,0.0069999999999999,-2.0626488000000003,-7.6203414,0.9167328,90.45860904,-1.82773602,-65.09948796,T02,0
0.79,79,-0.052,-1.011,0.012,-1.9480572,-6.130650599999999,0.6302538000000001,90.4414203,-1.8334656000000005,-65.16251334,T02,0
0.8,80,-0.044,-1.016,0.0069999999999999,-1.6042823999999998,-4.1825934,0.2291832000000001,90.42423156,-1.8334656000000005,-65.2026204,T02,0
0.81,81,-0.035,-1.017,-0.005,-2.4064236,-3.151269,0.1145916,90.3554766,-1.82773602,-65.2312683,T02,0
0.8200000000000001,82,-0.031,-1.012,-0.017,-2.8074942000000003,-2.8074942000000003,0.286479,90.3268287,-1.82773602,-65.25991619999999,T02,0
0.8300000000000001,83,-0.039,-1.011,-0.012,-3.2085648,-2.1772404,0.572958,90.29245122,-1.8334656000000005,-65.27710494,T02,0
0.8400000000000001,84,-0.043,-1.013,-0.008,-3.9534102,-0.4583664000000001,0.9167328,90.25234416,-1.84492476,-65.28283452000001,T02,0
0.85,85,-0.044,-1.014,-0.019,-5.2139178,0.6875496,1.0313244,90.20077794,-1.85638392,-65.27710494,T02,0
0.86,86,-0.04,-1.011,-0.036,-6.703608600000001,0.9740286,0.8021411999999999,90.08045676,-1.86784308,-65.26564578,T02,0
0.87,87,-0.032,-1.003,-0.053,-6.990087599999999,0.8021411999999999,0.572958,90.00597222,-1.87357266,-65.25991619999999,T02,0
0.88,88,-0.026,-0.993,-0.063,-5.1566220000000005,0.572958,0.6302538000000001,89.95440599999998,-1.87930224,-65.25418662,T02,0
0.89,89,-0.025,-0.99,-0.062,-2.291832,0.7448454000000001,0.8021411999999999,89.93148768,-1.8907614,-65.24845703999999,T02,0
0.9,90,-0.026,-0.986,-0.0579999999999999,-0.3437748,0.6302538000000001,1.145916,89.9257581,-1.90222056,-65.24272746,T02,0
0.91,91,-0.0289999999999999,-0.982,-0.042,1.8334656000000005,0.0,1.5469866,89.87419188,-1.90795014,-65.2312683,T02,0
0.92,92,-0.034,-0.991,-0.0139999999999999,2.7501984,-1.0313244,1.8334656000000005,89.90283978,-1.92513888,-65.24272746,T02,0
0.93,93,-0.036,-1.0,-0.008,0.8021411999999999,-1.9480572,2.0626488000000003,89.90856936,-1.94232762,-65.25991619999999,T02,0
0.94,94,-0.035,-1.009,-0.011,-0.8594370000000001,-2.5210152000000003,2.0053530000000004,89.90283978,-1.96524594,-65.2885641,T02,0
0.95,95,-0.031,-1.017,-0.017,-2.0053530000000004,-2.8074942000000003,1.9480572,89.88565104,-1.98243468,-65.31721200000001,T02,0
0.96,96,-0.034,-1.026,-0.022,-2.6356068,-3.0366774,1.7761698,89.82262566,-1.99389384,-65.34013032,T02,0
0.97,97,-0.038,-1.024,-0.03,-3.2085648,-2.6356068,1.4896908000000002,89.78824818,-2.01108258,-65.36877822,T02,0
0.98,98,-0.044,-1.017,-0.034,-3.4377480000000005,-2.2345362,1.2605076000000002,89.75387070000002,-2.02254174,-65.39169654,T02,0
0.99,99,-0.051,-1.009,-0.037,-3.8388186,-1.6042823999999998,1.0886202,89.71376364,-2.0340009,-65.40888528,T02,0
1.0,100,-0.054,-1.002,-0.037,-4.1825934,-0.6302538000000001,1.0886202,89.67365658,-2.04546006,-65.41461486,T02,0
1.01,101,-0.052,-1.004,-0.039,-4.3544808,-0.2291832000000001,1.3750992,89.57052414,-2.07410796,-65.41461486,T02,0
1.02,102,-0.049,-1.006,-0.036,-4.583664,0.0,1.7761698,89.5246875,-2.0912967,-65.41461486,T02,0
1.03,103,-0.045,-1.013,-0.032,-3.3231564,0.0,1.9480572,89.49031002000002,-2.10848544,-65.41461486,T02,0
1.04,104,-0.037,-1.029,-0.04,-3.3231564,0.0,1.8907614,89.45593253999998,-2.13140376,-65.41461486,T02,0
1.05,105,-0.03,-1.024,-0.051,-4.010706000000001,-0.0572958,1.6615782,89.41582548,-2.1485925000000003,-65.42034444,T02,0
1.06,106,-0.0279999999999999,-1.021,-0.055,-3.7815228,-0.7448454000000001,1.4896908000000002,89.30696345999998,-2.1485925000000003,-65.41461486,T02,0
1.07,107,-0.0289999999999999,-1.019,-0.055,-4.1825934,-1.0313244,1.3178034,89.2668564,-2.16005166,-65.42607402,T02,0
1.08,108,-0.0289999999999999,-1.023,-0.061,-4.583664,-1.2605076000000002,0.9740286,89.22101975999998,-2.17151082,-65.43753317999999,T02,0
1.09,109,-0.0409999999999999,-1.028,-0.0559999999999999,-5.958763200000001,-1.2032118,0.7448454000000001,89.15799438,-2.1772404,-65.45472192,T02,0
1.1,110,-0.051,-1.021,-0.051,-8.5370742,-0.5156622000000001,0.9740286,89.07205067999998,-2.18869956,-65.4604515,T02,0
1.11,111,-0.043,-1.003,-0.064,-10.313244,0.0572958,1.5469866,88.92881118,-2.20015872,-65.45472192,T02,0
1.12,112,-0.027,-0.993,-0.063,-10.1413566,-0.1145916,2.1199446,88.82567874,-2.22307704,-65.45472192,T02,0
1.13,113,-0.017,-0.997,-0.062,-9.9121734,-2.6356068,2.6929026,88.72827588,-2.25172494,-65.48336982,T02,0
1.14,114,-0.013,-1.001,-0.046,-9.6829902,-4.8128472,2.7501984,88.63087302,-2.28037284,-65.53493604,T02,0
1.15,115,-0.013,-1.016,-0.046,-11.172681,-6.9327918,2.4637194,88.52201099999998,-2.30329116,-65.603691,T02,0
1.16,116,-0.0139999999999999,-1.026,-0.061,-14.5531332,-8.250595200000001,2.0626488000000003,88.36158276,-2.3204799,-65.68390511999999,T02,0
1.17,117,-0.033,-1.024,-0.064,-19.1367972,-9.6256944,1.3178034,88.17250662000002,-2.33193906,-65.78130798,T02,0
1.18,118,-0.043,-1.005,-0.074,-23.7204612,-11.4018642,0.4583664000000001,87.93759384,-2.34339822,-65.89589957999999,T02,0
1.19,119,-0.025,-0.986,-0.098,-26.1268848,-13.5791046,0.2291832000000001,87.67976274,-2.3491278,-66.03340949999999,T02,0
1.2,120,-0.008,-0.976,-0.103,-27.8457588,-18.334656,0.6875496,87.41047248,-2.36058696,-66.21675606,T02,0
1.21,121,-0.005,-0.971,-0.088,-32.0283522,-26.2414764,0.5156622000000001,87.089616,-2.36631654,-66.48031674,T02,0
1.22,122,0.006,-0.957,-0.084,-35.52339600000001,-32.142943800000005,-0.4010705999999999,86.7458412,-2.3777757,-66.80117322,T02,0
1.23,123,0.02,-0.933,-0.094,-38.1590028,-37.6433406,-1.9480572,86.37914808000002,-2.37204612,-67.17932549999999,T02,0
1.24,124,0.019,-0.916,-0.08,-40.966497,-41.0810886,-3.9534102,85.98953664,-2.3491278,-67.59185526,T02,0
1.25,125,0.001,-0.92,-0.075,-43.0864416,-42.97185,-6.3025379999999975,85.57127729999998,-2.3147503200000004,-68.02730333999999,T02,0
1.26,126,-0.012,-0.95,-0.1009999999999999,-44.9199072,-42.7426668,-9.167328,85.13582922,-2.24599536,-68.45702184000001,T02,0
1.27,127,-0.02,-0.991,-0.1159999999999999,-46.123119,-40.1643558,-12.7769634,84.68892198,-2.1485925000000003,-68.8695516,T02,0
1.28,128,-0.033,-1.027,-0.119,-45.72204840000001,-37.1276784,-16.386598799999998,84.24201474,-2.01681216,-69.25916304,T02,0
1.29,129,-0.062,-1.047,-0.129,-44.690724,-31.340802600000004,-18.9649098,83.80656666,-1.85638392,-69.59147868,T02,0
1.3,130,-0.085,-1.031,-0.15,-41.76863820000001,-26.69984280000001,-19.7097552,83.3940369,-1.6844965200000002,-69.87795768,T02,0
1.31,131,-0.114,-1.009,-0.146,-37.7006364,-23.7204612,-18.449247600000003,83.0216142,-1.53552744,-70.14151836,T02,0
1.32,132,-0.132,-0.99,-0.071,-35.0650296,-20.2827132,-16.157415599999997,82.67210982,-1.39801752,-70.36497198,T02,0
1.33,133,-0.139,-0.982,-0.0409999999999999,-37.81522800000001,-17.9908812,-13.407217200000002,82.29395754,-1.2891555,-70.56550728,T02,0
1.34,134,-0.133,-0.99,-0.032,-39.0757356,-17.8762896,-9.3392154,81.90434609999998,-1.22040054,-70.75458342,T02,0
1.35,135,-0.123,-1.029,-0.066,-40.393539,-17.8762896,-4.8701430000000006,81.49754592000002,-1.19748222,-70.94365956,T02,0
1.36,136,-0.103,-1.056,-0.119,-39.7059894,-16.959556799999998,-0.6875496,81.10793448000003,-1.22613012,-71.11554696,T02,0
1.37,137,-0.09,-1.067,-0.1369999999999999,-38.2162986,-15.527161800000002,3.3231564,80.72405262,-1.27769634,-71.27024562,T02,0
1.38,138,-0.064,-1.062,-0.15,-38.67466500000001,-16.042824000000003,5.6149884000000005,80.33444118,-1.36364004,-71.4192147,T02,0
1.39,139,-0.0559999999999999,-1.055,-0.144,-40.7946096,-18.1054728,6.016058999999999,79.92764100000002,-1.44958374,-71.5911021,T02,0
1.4,140,-0.048,-1.048,-0.124,-45.8939358,-18.334656,4.010706000000001,79.46927459999998,-1.52406828,-71.76871908,T02,0
1.41,141,-0.073,-1.0,-0.126,-48.8733174,-16.4438946,1.0886202,78.98226030000002,-1.56990492,-71.93487689999998,T02,0
1.42,142,-0.11,-0.952,-0.111,-47.0398518,-14.266654199999998,-1.0886202,78.51243473999997,-1.5870936600000003,-72.08384598,T02,0
1.43,143,-0.152,-0.936,-0.109,-49.04520479999999,-13.750992000000002,-2.578311,78.01969086,-1.59282324,-72.22708548,T02,0
1.44,144,-0.158,-0.963,-0.1159999999999999,-51.6235158,-11.3445684,-4.9274388,77.50402865999997,-1.56990492,-72.35313624,T02,0
1.45,145,-0.159,-0.985,-0.153,-56.72284200000001,-5.2139178,-8.7089616,76.93107066,-1.50114996,-72.42762078,T02,0
1.46,146,-0.16,-0.982,-0.196,-57.35309579999999,0.7448454000000001,-12.4904844,76.34665349999999,-1.39801752,-72.45626868000002,T02,0
1.47,147,-0.152,-0.967,-0.214,-60.2178858,3.724227,-13.120738199999998,75.73358843999998,-1.26623718,-72.45626868000002,T02,0
1.48,148,-0.148,-0.94,-0.174,-61.5356892,8.307891,-13.0061466,75.10906422000002,-1.12872726,-72.41616162,T02,0
1.49,149,-0.151,-0.922,-0.155,-65.2026204,16.7303736,-13.3499214,74.43870336,-0.96829902,-72.29011086,T02,0
1.5,150,-0.177,-0.883,-0.1369999999999999,-67.036086,26.7571386,-13.980175199999998,73.75115376,-0.7792228800000001,-72.07811640000001,T02,0
1.51,151,-0.213,-0.825,-0.119,-67.3798608,36.03905820000001,-14.266654199999998,73.06933374,-0.5729580000000001,-71.78590782,T02,0
1.52,152,-0.213,-0.7859999999999999,-0.152,-69.2706222,42.91455420000001,-14.037471,72.35313624,-0.33231564,-71.42494428,T02,0
1.53,153,-0.191,-0.742,-0.2319999999999999,-72.5937786,46.123119,-12.7196676,71.60829084,-0.09167328,-71.02960326,T02,0
1.54,154,-0.149,-0.722,-0.26,-69.4998054,43.77399120000001,-11.0580894,70.89782292,0.1260507599999999,-70.65718056,T02,0
1.55,155,-0.085,-0.728,-0.247,-66.86419860000001,41.7113424,-8.9381448,70.2160029,0.33231564,-70.3019466,T02,0
1.56,156,-0.054,-0.748,-0.207,-61.5356892,41.76863820000001,-8.7662574,69.59147868,0.53285094,-69.94671264,T02,0
1.57,157,-0.045,-0.782,-0.161,-56.2071798,45.83664,-11.9748222,69.01852068,0.7849524600000001,-69.56283078,T02,0
1.58,158,-0.04,-0.8290000000000001,-0.11,-53.0559108,51.0505578,-16.042824000000003,68.47994016,1.10007936,-69.15030102,T02,0
1.59,159,-0.059,-0.825,-0.04,-50.0765292,55.6342218,-19.8243468,67.97573712,1.46677248,-68.70912336,T02,0
1.6,160,-0.057,-0.777,-0.038,-50.420304,58.15523699999999,-20.6837838,67.4658045,1.85638392,-68.25075696,T02,0
1.61,161,-0.033,-0.7190000000000001,-0.109,-52.0818822,55.6342218,-20.05353,66.95587187999999,2.22880662,-67.82103846,T02,0
1.62,162,0.004,-0.721,-0.149,-52.2537696,49.7900502,-18.1054728,66.4344801,2.56685184,-67.43715660000001,T02,0
1.63,163,0.0289999999999999,-0.7240000000000001,-0.212,-53.0559108,44.7480198,-15.126091199999998,65.90735873999999,2.87051958,-67.0933818,T02,0
1.64,164,0.03,-0.741,-0.191,-53.0559108,40.90920120000001,-13.6364004,65.38023738,3.1398098400000003,-66.77825490000001,T02,0
1.65,165,0.012,-0.736,-0.174,-51.56622,39.0757356,-13.5791046,64.86457518,3.4091001000000003,-66.48031674,T02,0
1.66,166,0.0289999999999999,-0.773,-0.216,-50.24841660000001,37.0130868,-13.980175199999998,64.37756088,3.67839036,-66.21102648,T02,0
1.6700000000000002,167,0.042,-0.7909999999999999,-0.149,-51.7954032,31.9710564,-14.037471,63.86189868,3.9247623,-65.98757286,T02,0
1.68,168,0.092,-0.759,-0.201,-53.7434604,25.6112226,-12.1467096,63.32331816,4.13675676,-65.80995588,T02,0
1.69,169,0.182,-0.765,-0.306,-58.5563076,16.615782,-9.5111028,62.73317142,4.27999626,-65.70682344000001,T02,0
1.7,170,0.251,-0.7829999999999999,-0.373,-61.07732280000001,5.6722842,-6.589017,62.11437678,4.36021038,-65.69536428,T02,0
1.71,171,0.321,-0.805,-0.397,-63.311859,-6.0733548,-5.3285094000000015,61.46693424,4.39458786,-65.76984881999999,T02,0
1.72,172,0.354,-0.8,-0.418,-68.2965936,-18.3919518,-6.760904399999999,60.76219590000001,4.36593996,-65.96465454,T02,0
1.73,173,0.3429999999999999,-0.738,-0.4529999999999999,-71.90622900000002,-27.903054600000004,-9.8548776,60.01162092,4.30864416,-66.2625927,T02,0
1.74,174,0.263,-0.677,-0.445,-68.01011460000001,-33.6326346,-13.980175199999998,59.301153,4.26280752,-66.62928581999999,T02,0
1.75,175,0.145,-0.633,-0.351,-59.8168152,-35.0077338,-18.907614,58.66516962000001,4.24561878,-67.03035642,T02,0
1.76,176,0.055,-0.691,-0.309,-49.90464179999999,-32.2002396,-22.345362,58.14377784,4.2685371,-67.43142702,T02,0
1.77,177,-0.005,-0.7879999999999999,-0.316,-43.1437374,-29.9084076,-19.9962342,57.67968186,4.27999626,-67.79239056,T02,0
1.78,178,-0.074,-0.8420000000000001,-0.349,-40.7373138,-28.9916748,-11.8029348,57.24996336,4.22843004,-68.10178787999999,T02,0
1.79,179,-0.11,-0.8140000000000001,-0.392,-41.0810886,-29.621928600000004,-2.1199446,56.81451528,4.08519054,-68.37107814,T02,0
1.8,180,-0.077,-0.777,-0.42,-40.2789474,-31.51269000000001,5.2712136,56.39625594,3.873196080000002,-68.60599092,T02,0
1.81,181,-0.008,-0.735,-0.447,-42.112413,-32.658606,8.250595200000001,55.95507828,3.62109456,-68.8409037,T02,0
1.82,182,0.049,-0.7,-0.484,-43.4302164,-32.544014399999995,6.760904399999999,55.50244146,3.38618178,-69.07581647999999,T02,0
1.83,183,0.078,-0.6859999999999999,-0.469,-41.6540466,-28.4760126,2.5210152000000003,55.07272296,3.2085648000000004,-69.29927009999999,T02,0
1.84,184,0.069,-0.6859999999999999,-0.544,-40.10706,-21.3713334,-2.6356068,54.6601932,3.1054323600000004,-69.49407582,T02,0
1.85,185,-0.017,-0.715,-0.578,-35.0077338,-11.8602306,-5.042030400000002,54.29922966,3.07678446,-69.62012658,T02,0
1.86,186,-0.093,-0.7440000000000001,-0.5670000000000001,-30.93973200000001,-5.443101,-3.6096354,53.96691402,3.0366774000000003,-69.7003407,T02,0
1.87,187,-0.1169999999999999,-0.72,-0.585,-29.9657034,-1.0313244,-0.0572958,53.66324628,3.03094782,-69.71179986,T02,0
1.88,188,-0.087,-0.708,-0.604,-27.8457588,0.9740286,2.578311,53.38249686,3.0080295,-69.68888154,T02,0
1.89,189,-0.0289999999999999,-0.7,-0.637,-27.6738714,1.7188740000000002,3.2085648,53.10174744000001,2.99084076,-69.65450406,T02,0
1.9,190,0.038,-0.7170000000000001,-0.649,-26.8717302,1.6615782,2.291832,52.83245718000001,2.9793816000000004,-69.63158574,T02,0
1.91,191,0.109,-0.731,-0.659,-27.501984000000004,0.6302538000000001,1.6042823999999998,52.52305986,2.99084076,-69.60866741999999,T02,0
1.92,192,0.159,-0.752,-0.662,-26.1268848,0.0572958,1.432395,52.25949918,2.9736520200000003,-69.59720826,T02,0
1.93,193,0.121,-0.742,-0.657,-25.496631,-0.6302538000000001,1.2605076000000002,51.9959385,2.9564632800000004,-69.59720826,T02,0
1.94,194,0.05,-0.716,-0.688,-23.5485738,-0.8021411999999999,1.3750992,51.761025720000006,2.93927454,-69.59720826,T02,0
1.95,195,-0.019,-0.695,-0.6920000000000001,-20.2254174,-0.2291832000000001,1.4896908000000002,51.55476083999999,2.9220858,-69.59147868,T02,0
1.96,196,-0.054,-0.687,-0.6679999999999999,-15.9282324,1.3750992,0.6875496,51.34849596,2.87624916,-69.59147868,T02,0
1.97,197,-0.027,-0.6659999999999999,-0.613,-11.8602306,2.6929026,-0.7448454000000001,51.22817478,2.89916748,-69.57428994,T02,0
1.98,198,0.024,-0.6709999999999999,-0.584,-7.5630456000000015,3.0366774,-2.1772404,51.14796066,2.93354496,-69.56283078,T02,0
1.99,199,0.075,-0.688,-0.617,-5.042030400000002,3.2085648,-2.7501984,51.09639444,2.9736520200000003,-69.5571012,T02,0
2.0,200,0.109,-0.7170000000000001,-0.62,-2.86479,2.1772404,-1.9480572,51.06774654,3.00229992,-69.55137162,T02,0
2.01,201,0.094,-0.718,-0.629,-0.0572958,0.4010705999999999,-0.0572958,50.87294082,3.0939732,-69.52272372,T02,0
2.02,202,0.051,-0.716,-0.6409999999999999,1.145916,0.5156622000000001,1.7188740000000002,50.88439998,3.08824362,-69.50553498000001,T02,0
2.03,203,0.03,-0.718,-0.642,3.8388186,0.1145916,3.3231564,50.92450704,3.05959572,-69.48261666,T02,0
2.04,204,0.026,-0.72,-0.6579999999999999,4.6409598,-0.8594370000000001,5.0993262,50.97607326000001,3.01948866,-69.45969834,T02,0
2.05,205,0.044,-0.727,-0.6559999999999999,7.1046792000000005,-2.7501984,6.5317212,51.04482822000001,2.9507337,-69.43678002,T02,0
2.06,206,0.063,-0.7490000000000001,-0.6729999999999999,8.7662574,-4.5263682,7.5630456000000015,51.10785360000001,2.87051958,-69.42532086,T02,0
2.07,207,0.08,-0.767,-0.6970000000000001,9.7975818,-6.016058999999999,8.7662574,51.21098604,2.76738714,-69.41959127999999,T02,0
2.08,208,0.07,-0.768,-0.698,10.8289062,-7.906820400000001,10.3705398,51.31984806000001,2.6413363800000003,-69.41386170000001,T02,0
2.09,209,0.0289999999999999,-0.752,-0.662,13.178034,-7.0473834,10.1413566,51.45735798,2.5210152000000003,-69.40813212,T02,0
2.1,210,-0.005,-0.7490000000000001,-0.649,14.610429000000002,-4.297185,8.7662574,51.60632706,2.42934192,-69.38521379999999,T02,0
2.11,211,-0.035,-0.77,-0.674,16.329303,-0.8594370000000001,6.9327918,51.75529614,2.34339822,-69.35656589999999,T02,0
2.12,212,-0.049,-0.8009999999999999,-0.6659999999999999,17.5325148,2.9793816000000004,5.0993262,51.9386427,2.32620948,-69.30499968000001,T02,0
2.13,213,-0.02,-0.821,-0.688,17.475219,6.1879464,3.724227,52.11625968,2.3376686399999995,-69.23051514,T02,0
2.14,214,0.045,-0.836,-0.6940000000000001,18.1054728,7.906820400000001,2.9220858,52.30533582,2.36058696,-69.15030102,T02,0
2.15,215,0.102,-0.856,-0.713,18.6784308,7.1046792000000005,3.0366774,52.49441196,2.3777757,-69.0700869,T02,0
2.16,216,0.133,-0.8740000000000001,-0.728,19.0795014,3.724227,4.4690724,52.67775852000001,2.38923486,-69.00706152000001,T02,0
2.17,217,0.135,-0.884,-0.6920000000000001,19.9389384,-1.3178034,5.9014674000000005,52.8840234,2.3376686399999995,-68.98414319999999,T02,0
2.18,218,0.1169999999999999,-0.861,-0.6920000000000001,19.4232762,-3.151269,6.5317212,53.0845587,2.26891368,-68.96695446,T02,0
2.19,219,0.084,-0.865,-0.708,20.912967,-1.4896908000000002,6.3598338,53.29655316,2.21161788,-68.94403614,T02,0
2.2,220,0.033,-0.862,-0.691,22.4026578,2.2345362,5.3285094000000015,53.52573636000001,2.18296998,-68.89246992,T02,0
2.21,221,-0.008,-0.843,-0.6579999999999999,24.4080108,7.0473834,3.9534102,53.76637872,2.18869956,-68.8122558,T02,0
2.22,222,-0.006,-0.855,-0.64,26.41336380000001,12.1467096,2.8074942000000003,54.03566897999999,2.2345362,-68.69193462000001,T02,0
2.23,223,0.03,-0.884,-0.68,27.043617600000005,15.5844576,2.6356068,54.3164184,2.30329116,-68.54869512,T02,0
2.24,224,0.073,-0.925,-0.6729999999999999,27.8457588,14.7823164,3.4377480000000005,54.6028974,2.36058696,-68.40545562,T02,0
2.25,225,0.122,-0.95,-0.713,27.3873924,10.8289062,4.9274388,54.88364682,2.38350528,-68.29086402,T02,0
2.26,226,0.157,-0.976,-0.706,26.8717302,5.6149884000000005,6.3598338,55.15866666000001,2.3777757,-68.19919074,T02,0
2.27,227,0.159,-0.986,-0.708,26.0122932,1.0886202,7.2192707999999985,55.42222733999999,2.32620948,-68.14762452,T02,0
2.28,228,0.147,-0.971,-0.72,24.9809688,-0.6302538000000001,7.1046792000000005,55.68005844,2.26891368,-68.11324704,T02,0
2.29,229,0.1169999999999999,-0.983,-0.6859999999999999,26.1268848,-0.6875496,6.5317212,55.94361912,2.21734746,-68.08459914,T02,0
2.3,230,0.092,-0.968,-0.693,24.1215318,0.6875496,5.7868758000000025,56.18999106,2.17151082,-68.04449208,T02,0
2.31,231,0.073,-0.992,-0.685,24.8663772,2.2345362,5.3858052,56.44209258000001,2.1485925000000003,-67.99292586,T02,0
2.32,232,0.051,-1.004,-0.7190000000000001,22.631841,3.2658606,5.72958,56.67127578,2.1199446,-67.92990048,T02,0
2.33,233,0.043,-1.022,-0.757,20.6837838,2.7501984,6.3598338,56.88327024,2.08556712,-67.87260468,T02,0
2.34,234,0.0579999999999999,-1.031,-0.7240000000000001,19.5378678,0.7448454000000001,6.589017,57.08380553999999,2.0340009,-67.82676803999999,T02,0
2.35,235,0.081,-1.005,-0.721,17.303331600000003,-0.7448454000000001,6.1879464,57.26142252,1.98243468,-67.80384971999999,T02,0
2.36,236,0.089,-1.012,-0.703,17.761698000000006,-1.8334656000000005,4.9274388,57.43330992,1.93659804,-67.78666098,T02,0
2.37,237,0.083,-1.01,-0.682,15.870936600000002,-2.2345362,2.7501984,57.59373816,1.90795014,-67.79239056,T02,0
2.38,238,0.085,-1.009,-0.6759999999999999,15.3552744,-1.6615782,0.0572958,57.7541664,1.89649098,-67.80384971999999,T02,0
2.39,239,0.081,-1.015,-0.662,14.4958374,-0.6302538000000001,-1.6042823999999998,57.8974059,1.91367972,-67.81530888,T02,0
2.4,240,0.072,-1.024,-0.652,13.8082878,0.2291832000000001,-3.0939732,58.0406454,1.94232762,-67.83249762,T02,0
2.41,241,0.063,-1.031,-0.675,12.1467096,0.572958,-3.8388186,58.155237,1.98243468,-67.84395678,T02,0
2.42,242,0.054,-1.037,-0.68,10.599723,-0.0572958,-4.8701430000000006,58.25836943999999,2.02254174,-67.87260468,T02,0
2.43,243,0.061,-1.03,-0.675,8.7089616,-1.5469866,-5.9014674000000005,58.35004272,2.06837838,-67.91271173999999,T02,0
2.44,244,0.071,-1.04,-0.674,7.7922288,-3.3231564,-7.2192707999999985,58.42452725999999,2.11421502,-67.9814667,T02,0
2.45,245,0.086,-1.043,-0.664,5.6722842,-5.5003968,-8.193299399999999,58.48182306,2.15432208,-68.0674104,T02,0
2.46,246,0.099,-1.04,-0.652,4.8701430000000006,-7.448453999999999,-8.9381448,58.52193012,2.2058883,-68.17627242,T02,0
2.47,247,0.0969999999999999,-1.039,-0.644,3.8388186,-8.7662574,-9.453807,58.5563076,2.24026578,-68.30232318,T02,0
2.48,248,0.07,-1.033,-0.638,3.380452200000001,-8.9381448,-9.453807,58.58495550000001,2.28037284,-68.42837394,T02,0
2.49,249,0.044,-1.038,-0.628,2.578311,-7.906820400000001,-9.453807,58.60787382,2.3204799,-68.54296554,T02,0
2.5,250,0.0279999999999999,-1.015,-0.632,0.6875496,-6.9327918,-8.7662574,58.6136034,2.36058696,-68.65182755999999,T02,0
2.51,251,0.027,-1.021,-0.639,0.8594370000000001,-6.6463128000000005,-8.193299399999999,58.60787382,2.39496444,-68.74923042,T02,0
2.52,252,0.038,-1.007,-0.632,-0.9740286,-7.333862400000001,-7.333862400000001,58.59641466000001,2.41788276,-68.85236286,T02,0
2.53,253,0.05,-0.994,-0.608,-1.2032118,-8.9954406,-6.2452422,58.57922592,2.42934192,-68.96122488,T02,0
2.54,254,0.06,-0.984,-0.603,-2.1199446,-11.2299768,-5.0993262,58.5563076,2.41788276,-69.08727564,T02,0
2.55,255,0.06,-0.969,-0.5820000000000001,-2.7501984,-13.2926256,-3.8388186,58.52193012,2.38350528,-69.21905598,T02,0
2.56,256,0.044,-0.939,-0.563,-3.4950437999999995,-14.667724800000002,-2.3491278,58.47609348,2.32620948,-69.35656589999999,T02,0
2.57,257,0.016,-0.909,-0.542,-3.380452200000001,-15.183387000000002,-0.8594370000000001,58.44171600000001,2.25745452,-69.49407582,T02,0
2.58,258,-0.005,-0.885,-0.525,-3.3231564,-14.7250206,0.1145916,58.40160894,2.18296998,-69.62012658,T02,0
2.59,259,-0.01,-0.861,-0.511,-2.9793816000000004,-13.464512999999998,1.2032118,58.37296104000001,2.10848544,-69.72898860000001,T02,0
2.6,260,-0.009,-0.838,-0.507,-2.2345362,-12.5477802,2.3491278,58.34431314,2.02254174,-69.82639146,T02,0
2.61,261,-0.009,-0.8190000000000001,-0.496,-1.2032118,-11.9748222,3.4377480000000005,58.32139482,1.91367972,-69.91233516,T02,0
2.62,262,-0.006,-0.8029999999999999,-0.493,-0.4583664000000001,-11.1153852,4.1825934,58.31566524000001,1.82200644,-69.9868197,T02,0
2.63,263,-0.01,-0.7879999999999999,-0.487,0.1145916,-10.4278356,4.8128472,58.31566524000001,1.73033316,-70.04984508,T02,0
2.64,264,-0.021,-0.7709999999999999,-0.49,0.9167328,-10.0840608,5.443101,58.3271244,1.6329303,-70.10714088,T02,0
2.65,265,-0.0279999999999999,-0.76,-0.5,1.8907614,-9.3965112,5.844171599999999,58.34431314,1.5412570200000002,-70.15870709999999,T02,0
2.66,266,-0.037,-0.755,-0.494,3.2658606,-8.59437,5.72958,58.36150188000001,1.4209358399999998,-70.21027332,T02,0
2.67,267,-0.044,-0.7509999999999999,-0.486,4.4690724,-6.760904399999999,5.3858052,58.40733852000001,1.3464512999999998,-70.23892122,T02,0
2.68,268,-0.039,-0.747,-0.483,5.5003968,-4.6409598,4.6409598,58.46463432,1.28342592,-70.25610996,T02,0
2.69,269,-0.0289999999999999,-0.75,-0.489,6.2452422,-2.7501984,3.8388186,58.52765970000001,1.23758928,-70.26183954,T02,0
2.7,270,-0.016,-0.75,-0.486,6.990087599999999,-1.2032118,2.9793816000000004,58.60214424,1.2032117999999998,-70.25610996,T02,0
2.71,271,0.001,-0.754,-0.487,7.6203414,-0.4583664000000001,2.578311,58.65371046,1.18029348,-70.24465079999999,T02,0
2.72,272,0.017,-0.76,-0.487,7.9641161999999985,-0.8021411999999999,2.4064236,58.73392457999999,1.15164558,-70.23892122,T02,0
2.73,273,0.0289999999999999,-0.767,-0.4920000000000001,7.906820400000001,-1.2032118,2.291832,58.8141387,1.12872726,-70.23892122,T02,0
2.74,274,0.031,-0.774,-0.503,7.734933000000002,-1.7761698,2.1772404,58.89435282,1.10007936,-70.24465079999999,T02,0
2.75,275,0.022,-0.782,-0.505,7.9641161999999985,-2.578311,2.0053530000000004,58.97456694,1.07143146,-70.25610996,T02,0
2.76,276,0.009,-0.794,-0.509,8.3651868,-2.7501984,1.7188740000000002,59.02613315999999,1.03705398,-70.26756911999999,T02,0
2.77,277,-0.008,-0.81,-0.513,8.479778399999999,-2.4064236,1.2605076000000002,59.11780644,1.01413566,-70.28475786,T02,0
2.78,278,-0.019,-0.823,-0.517,8.307891,-1.2032118,0.9167328,59.19802056000001,1.0026765,-70.29048744,T02,0
2.79,279,-0.022,-0.8340000000000001,-0.526,8.250595200000001,0.1145916,0.6302538000000001,59.28396425999999,0.9969469199999998,-70.28475786,T02,0
2.8,280,-0.012,-0.848,-0.528,8.3651868,1.3178034,0.286479,59.36990796,1.0026765,-70.26756911999999,T02,0
2.81,281,0.012,-0.861,-0.523,8.078707799999998,1.4896908000000002,0.0572958,59.4157446,1.01413566,-70.25610996,T02,0
2.82,282,0.031,-0.878,-0.53,7.3911582,0.4583664000000001,0.286479,59.49595872,1.01986524,-70.25038038,T02,0
2.83,283,0.033,-0.895,-0.539,6.6463128000000005,-0.572958,0.6302538000000001,59.5589841,1.00840608,-70.25038038,T02,0
2.84,284,0.021,-0.907,-0.545,5.9014674000000005,-1.7761698,0.9740286,59.62200948000001,0.9912173399999998,-70.26183954,T02,0
2.85,285,0.011,-0.913,-0.539,5.443101,-2.6356068,0.9740286,59.67930528000001,0.9740286,-70.27902828,T02,0
2.86,286,0.0069999999999999,-0.92,-0.542,4.7555514,-3.151269,0.8594370000000001,59.7022236,0.9453807,-70.3019466,T02,0
2.87,287,0.004,-0.927,-0.545,4.010706000000001,-3.3231564,0.572958,59.74233065999999,0.92246238,-70.32486492,T02,0
2.88,288,0.005,-0.93,-0.545,3.0939732,-3.2085648,0.4010705999999999,59.77097856,0.90527364,-70.35351282,T02,0
2.89,289,0.01,-0.929,-0.547,2.3491278,-3.4377480000000005,0.1718874,59.79962646,0.8880849000000001,-70.38216072,T02,0
2.9,290,0.0069999999999999,-0.931,-0.55,1.6615782,-3.6669312000000014,0.2291832000000001,59.81681519999999,0.86516658,-70.41080862,T02,0
2.91,291,0.004,-0.932,-0.5489999999999999,1.2605076000000002,-3.8388186,0.286479,59.79962646,0.83651868,-70.44518609999999,T02,0
2.92,292,0.0069999999999999,-0.936,-0.5489999999999999,0.6302538000000001,-4.1252976000000015,0.4010705999999999,59.80535604000001,0.8136003599999999,-70.47956358,T02,0
2.93,293,0.009,-0.935,-0.5489999999999999,-0.4010705999999999,-4.6409598,0.0572958,59.79962646,0.7906820400000001,-70.51967064,T02,0
2.94,294,0.013,-0.929,-0.547,-1.3750992,-5.2139178,-0.2291832000000001,59.7881673,0.76776372,-70.56550728,T02,0
2.95,295,0.011,-0.924,-0.552,-2.3491278,-5.9014674000000005,-0.6302538000000001,59.76524897999999,0.7448454000000001,-70.62280308000003,T02,0
2.96,296,0.003,-0.915,-0.539,-3.0366774,-6.5317212,-1.2032118,59.71368276000001,0.7161975,-70.68582846,T02,0
2.97,297,0.0,-0.908,-0.535,-3.724227,-6.5317212,-1.4896908000000002,59.6735757,0.69900876,-70.74885384000002,T02,0
2.98,298,-0.002,-0.902,-0.531,-4.1252976000000015,-6.3025379999999975,-1.6042823999999998,59.63346864,0.68182002,-70.81187922000002,T02,0
2.99,299,-0.002,-0.8959999999999999,-0.529,-4.4690724,-6.016058999999999,-1.432395,59.58763199999999,0.66463128,-70.8749046,T02,0
3.0,300,-0.004,-0.884,-0.526,-4.7555514,-5.7868758000000025,-1.3750992,59.54179536,0.64744254,-70.93220040000001,T02,0
3.01,301,-0.008,-0.868,-0.515,-4.8701430000000006,-5.443101,-1.2605076000000002,59.46731082,0.61879464,-70.9894962,T02,0
3.02,302,-0.009,-0.855,-0.513,-4.9847346,-4.9274388,-1.3178034,59.4157446,0.6073354799999999,-71.04106241999997,T02,0
3.03,303,-0.0139999999999999,-0.846,-0.512,-4.6409598,-4.7555514,-1.145916,59.36990796,0.59014674,-71.08689906,T02,0
3.04,304,-0.016,-0.8390000000000001,-0.505,-4.1825934,-4.3544808,-1.2605076000000002,59.3298009,0.5786875800000001,-71.13273569999998,T02,0
3.05,305,-0.016,-0.8390000000000001,-0.501,-3.7815228,-4.2398892,-1.3178034,59.28969384000001,0.5729580000000001,-71.17284276000002,T02,0
3.06,306,-0.017,-0.835,-0.501,-3.8388186,-4.1252976000000015,-1.3750992,59.22666846,0.53858052,-71.22440897999998,T02,0
3.07,307,-0.018,-0.8270000000000001,-0.4970000000000001,-3.6096354,-3.8388186,-1.3750992,59.19229098,0.53285094,-71.26451604,T02,0
3.08,308,-0.022,-0.818,-0.4970000000000001,-3.0366774,-3.4377480000000005,-1.2605076000000002,59.15791349999999,0.52712136,-71.29889352000002,T02,0
3.09,309,-0.024,-0.815,-0.501,-2.4064236,-2.9220858,-1.145916,59.13499518,0.52139178,-71.333271,T02,0
3.1,310,-0.023,-0.812,-0.495,-1.6042823999999998,-2.4637194,-0.9740286,59.11780644,0.5156622000000001,-71.35618932,T02,0
3.11,311,-0.021,-0.815,-0.498,-1.0313244,-2.1772404,-0.8021411999999999,59.04905147999999,0.46982556,-71.39056679999999,T02,0
3.12,312,-0.023,-0.8140000000000001,-0.501,-0.286479,-1.9480572,-0.5156622000000001,59.04905147999999,0.46409598,-71.41348512,T02,0
3.13,313,-0.027,-0.8140000000000001,-0.502,0.1718874,-1.6615782,-0.4583664000000001,59.04905147999999,0.4583664000000001,-71.43067386,T02,0
3.14,314,-0.027,-0.816,-0.504,0.8021411999999999,-1.2605076000000002,-0.6302538000000001,59.06051064,0.4583664000000001,-71.44213302,T02,0
3.15,315,-0.024,-0.825,-0.51,1.432395,-1.0313244,-0.6875496,59.0719698,0.4583664000000001,-71.45932176,T02,0
3.16,316,-0.021,-0.835,-0.509,1.8907614,-0.8594370000000001,-0.6875496,59.02040358000001,0.4010706000000001,-71.48224008000003,T02,0
3.17,317,-0.018,-0.846,-0.515,2.0626488000000003,-0.8021411999999999,-0.6302538000000001,59.0433219,0.4010706000000001,-71.49369924,T02,0
3.18,318,-0.015,-0.852,-0.519,2.1199446,-0.6875496,-0.4583664000000001,59.06624022,0.4010706000000001,-71.49942881999998,T02,0
3.19,319,-0.015,-0.856,-0.52,2.1199446,-0.5156622000000001,-0.572958,59.08915854000001,0.40680018,-71.51088797999998,T02,0
3.2,320,-0.0139999999999999,-0.857,-0.523,2.1199446,-0.1145916,-0.8021411999999999,59.10634728,0.41252976,-71.51661756,T02,0
3.21,321,-0.0139999999999999,-0.861,-0.525,2.1199446,0.1718874,-0.9740286,59.05478106,0.37815228,-71.52807672,T02,0
3.22,322,-0.015,-0.867,-0.529,2.0626488000000003,0.3437748,-1.2032118,59.0719698,0.38961144,-71.5338063,T02,0
3.23,323,-0.011,-0.8740000000000001,-0.529,1.9480572,0.3437748,-1.3178034,59.09488811999999,0.4010706000000001,-71.5338063,T02,0
3.24,324,-0.006,-0.879,-0.5329999999999999,1.7188740000000002,0.286479,-1.3750992,59.11207686,0.41825934,-71.53953588,T02,0
3.25,325,-0.004,-0.879,-0.534,1.432395,-0.1145916,-1.432395,59.12353602,0.4297185000000001,-71.54526546,T02,0
3.26,326,-0.004,-0.878,-0.531,1.3750992,-0.6302538000000001,-1.432395,59.07769938,0.41252976,-71.5624542,T02,0
3.27,327,-0.002,-0.8809999999999999,-0.53,1.3178034,-0.9740286,-1.432395,59.08915854000001,0.41825934,-71.57964294,T02,0
3.28,328,-0.004,-0.879,-0.527,0.6302538000000001,-1.0313244,-1.3750992,59.09488811999999,0.4297185000000001,-71.59683168000002,T02,0
3.29,329,-0.009,-0.875,-0.528,0.4010705999999999,-0.9740286,-1.432395,59.1006177,0.43544808,-71.61402042,T02,0
3.3,330,-0.01,-0.875,-0.526,0.1145916,-0.9740286,-1.5469866,59.1006177,0.44117766,-71.63120916,T02,0
3.31,331,-0.009,-0.871,-0.529,-0.286479,-0.8594370000000001,-1.5469866,59.014674,0.41252976,-71.65412748,T02,0
3.32,332,-0.011,-0.87,-0.528,-0.2291832000000001,-0.7448454000000001,-1.5469866,59.014674,0.42398892,-71.66558663999999,T02,0
3.33,333,-0.011,-0.8690000000000001,-0.528,-0.5156622000000001,-0.6302538000000001,-1.3178034,59.00894442,0.4297185000000001,-71.6770458,T02,0
3.34,334,-0.0069999999999999,-0.867,-0.525,-0.6302538000000001,-0.6302538000000001,-1.2605076000000002,59.00321484,0.43544808,-71.69423454,T02,0
3.35,335,-0.005,-0.8640000000000001,-0.523,-0.8021411999999999,-0.8594370000000001,-1.2605076000000002,58.99175568,0.44117766,-71.70569370000003,T02,0
3.36,336,-0.005,-0.862,-0.525,-0.8021411999999999,-0.7448454000000001,-1.145916,58.9000824,0.41825934,-71.72288244,T02,0
3.37,337,-0.0069999999999999,-0.86,-0.522,-0.7448454000000001,-0.4583664000000001,-0.9740286,58.89435282,0.42398892,-71.7343416,T02,0
3.38,338,-0.011,-0.857,-0.521,-0.572958,-0.1718874,-0.9740286,58.88862324,0.4297185000000001,-71.74007118,T02,0
3.39,339,-0.011,-0.853,-0.518,-0.572958,0.1718874,-0.8594370000000001,58.88289365999999,0.44117766,-71.74007118,T02,0
3.4,340,-0.009,-0.848,-0.516,-0.5156622000000001,0.4583664000000001,-0.7448454000000001,58.87716408,0.4526368200000001,-71.74007118,T02,0
3.41,341,-0.0069999999999999,-0.843,-0.514,-0.4010705999999999,0.572958,-0.6302538000000001,58.7568429,0.4010706000000001,-71.75153034,T02,0
3.42,342,-0.0069999999999999,-0.84,-0.513,-0.2291832000000001,0.7448454000000001,-0.6302538000000001,58.75111332,0.41252976,-71.74580076,T02,0
3.43,343,-0.004,-0.84,-0.512,0.0,1.0313244,-0.572958,58.75111332,0.42398892,-71.74007118,T02,0
3.44,344,0.0,-0.838,-0.513,0.1718874,1.2605076000000002,-0.6302538000000001,58.7568429,0.43544808,-71.7343416,T02,0
3.45,345,0.0,-0.8370000000000001,-0.513,0.286479,1.432395,-0.5156622000000001,58.7568429,0.44690724,-71.72288244,T02,0
3.46,346,0.001,-0.8370000000000001,-0.511,0.6302538000000001,1.432395,-0.286479,58.69381752,0.44117766,-71.71142327999998,T02,0
3.47,347,0.0,-0.838,-0.511,0.8594370000000001,1.5469866,-0.1718874,58.6995471,0.4526368200000001,-71.69996411999998,T02,0
3.48,348,0.001,-0.836,-0.513,0.8594370000000001,1.6615782,-0.0572958,58.71100626,0.46409598,-71.68277538,T02,0
3.49,349,0.0,-0.836,-0.516,1.145916,1.7188740000000002,-0.0572958,58.722465420000006,0.46982556,-71.67131622000002,T02,0
3.5,350,0.001,-0.835,-0.514,1.6042823999999998,1.7761698,-0.286479,58.73965416000001,0.48128472,-71.65412748,T02,0
3.51,351,0.004,-0.8390000000000001,-0.514,1.8334656000000005,1.8907614,-0.4583664000000001,58.71100626,0.49274388,-71.63693874,T02,0
3.52,352,0.006,-0.8420000000000001,-0.515,2.0626488000000003,2.0053530000000004,-0.4583664000000001,58.73392457999999,0.5099326200000001,-71.62547958,T02,0
3.53,353,0.006,-0.845,-0.516,2.4637194,2.0626488000000003,-0.3437748,58.7568429,0.52139178,-71.60829084,T02,0
3.54,354,0.004,-0.8490000000000001,-0.518,2.4637194,2.1199446,-0.4583664000000001,58.78549080000001,0.53858052,-71.5911021,T02,0
3.55,355,0.008,-0.852,-0.519,2.4637194,2.291832,-0.6302538000000001,58.80840912,0.55576926,-71.57391336,T02,0
3.56,356,0.012,-0.8540000000000001,-0.519,2.3491278,2.2345362,-0.8021411999999999,58.796949960000006,0.5786875800000001,-71.55099504,T02,0
3.57,357,0.0139999999999999,-0.856,-0.521,2.0626488000000003,2.291832,-0.9740286,58.81986828,0.6016058999999999,-71.53953588,T02,0
3.58,358,0.011,-0.855,-0.526,1.7761698,2.4064236,-0.9740286,58.83705702,0.61879464,-71.52234714,T02,0
3.59,359,0.005,-0.851,-0.529,1.8907614,2.2345362,-1.145916,58.85424576000001,0.64171296,-71.51088797999998,T02,0
3.6,360,0.0,-0.8490000000000001,-0.528,2.3491278,1.9480572,-1.3178034,58.88289365999999,0.66463128,-71.49942881999998,T02,0
3.61,361,0.005,-0.857,-0.524,2.4064236,1.9480572,-1.4896908000000002,58.85997533999999,0.68182002,-71.48796966,T02,0
3.62,362,0.011,-0.858,-0.526,2.1199446,2.291832,-1.6042823999999998,58.88289365999999,0.7104679199999999,-71.47651049999997,T02,0
3.63,363,0.009,-0.8590000000000001,-0.528,2.0626488000000003,2.1772404,-1.7761698,58.90581198,0.73338624,-71.46505134,T02,0
3.64,364,0.003,-0.86,-0.532,2.0053530000000004,2.291832,-1.9480572,58.92300072000001,0.76203414,-71.45359218,T02,0
3.65,365,-0.001,-0.866,-0.525,2.291832,2.5210152000000003,-2.2345362,58.94591904,0.79641162,-71.44786260000002,T02,0
3.66,366,-0.001,-0.868,-0.525,2.0626488000000003,2.7501984,-2.3491278,58.94018946,0.8136003599999999,-71.43640344,T02,0
3.67,367,0.001,-0.8690000000000001,-0.521,2.0053530000000004,2.9793816000000004,-2.291832,58.96310778000001,0.8479778399999999,-71.42494428,T02,0
3.68,368,0.002,-0.867,-0.522,1.8334656000000005,3.0366774,-2.291832,58.98029652,0.8823553199999999,-71.40775554,T02,0
3.69,369,0.009,-0.866,-0.517,1.8334656000000005,3.0939732,-2.3491278,58.99748526000001,0.9167328,-71.39629638,T02,0
3.7,370,0.011,-0.867,-0.519,1.8334656000000005,3.0366774,-2.3491278,59.02040358000001,0.95683986,-71.37910764,T02,0
3.71,371,0.009,-0.868,-0.519,2.0053530000000004,3.151269,-2.2345362,59.014674,0.97975818,-71.3619189,T02,0
3.72,372,0.009,-0.868,-0.519,1.8907614,3.3231564,-2.0626488000000003,59.03186274000001,1.01413566,-71.34473016,T02,0
3.73,373,0.01,-0.867,-0.518,2.0626488000000003,3.5523396000000003,-1.7761698,59.05478106,1.04851314,-71.32181184,T02,0
3.74,374,0.011,-0.867,-0.517,2.1199446,3.6669312000000014,-1.4896908000000002,59.07769938,1.07716104,-71.29889352000002,T02,0
3.75,375,0.015,-0.8640000000000001,-0.514,2.1199446,3.5523396000000003,-1.2605076000000002,59.1006177,1.10580894,-71.27597519999998,T02,0
3.76,376,0.0139999999999999,-0.861,-0.515,2.0626488000000003,3.6669312000000014,-1.3178034,59.09488811999999,1.13445684,-71.24732730000002,T02,0
3.77,377,0.012,-0.861,-0.515,2.0626488000000003,3.8388186,-1.432395,59.11207686,1.16310474,-71.22440897999998,T02,0
3.78,378,0.011,-0.861,-0.516,2.0053530000000004,3.724227,-1.432395,59.13499518,1.19748222,-71.19576108,T02,0
3.79,379,0.013,-0.86,-0.511,1.8907614,3.8388186,-1.4896908000000002,59.15218392000001,1.22613012,-71.17284276000002,T02,0
3.8,380,0.018,-0.8590000000000001,-0.509,1.8334656000000005,3.8961144,-1.3178034,59.17510224,1.2605076000000002,-71.14419486,T02,0
3.81,381,0.023,-0.856,-0.511,1.7761698,3.7815228,-1.0886202,59.15791349999999,1.2891555,-71.11554696,T02,0
3.82,382,0.023,-0.856,-0.509,1.7761698,3.6096354,-0.9740286,59.18083182,1.3178034,-71.08689906,T02,0
3.83,383,0.021,-0.853,-0.508,1.6042823999999998,3.6096354,-0.7448454000000001,59.19802056000001,1.34072172,-71.06398074,T02,0
3.84,384,0.018,-0.851,-0.502,1.9480572,3.4950437999999995,-0.6302538000000001,59.21520930000001,1.36364004,-71.03533284,T02,0
3.85,385,0.018,-0.851,-0.503,1.8334656000000005,3.8388186,-0.5156622000000001,59.23239804,1.38655836,-71.00095536,T02,0
3.86,386,0.013,-0.853,-0.501,2.1199446,4.297185,-0.6875496,59.23812762,1.39801752,-70.97230746,T02,0
3.87,387,0.006,-0.85,-0.499,2.0626488000000003,5.3858052,-1.145916,59.26104594,1.43812458,-70.93220040000001,T02,0
3.88,388,0.002,-0.848,-0.5,2.4064236,6.3598338,-1.5469866,59.28396425999999,1.48396122,-70.88636376,T02,0
3.89,389,0.0069999999999999,-0.85,-0.499,2.6929026,6.990087599999999,-1.7188740000000002,59.31261216,1.52979786,-70.83479754,T02,0
3.9,390,0.016,-0.8490000000000001,-0.499,2.86479,7.6203414,-1.9480572,59.34126005999999,1.5870936600000003,-70.77750174,T02,0
3.91,391,0.027,-0.848,-0.5,3.0939732,7.8495246,-2.1772404,59.36417838,1.64438946,-70.72020594,T02,0
3.92,392,0.037,-0.853,-0.499,3.4950437999999995,7.906820400000001,-2.291832,59.39855586000001,1.70168526,-70.66291014,T02,0
3.93,393,0.0409999999999999,-0.856,-0.503,3.380452200000001,8.250595200000001,-2.2345362,59.43293334,1.76471064,-70.59988476,T02,0
3.94,394,0.045,-0.862,-0.506,3.6096354,8.078707799999998,-1.9480572,59.4730404,1.81627686,-70.54258896,T02,0
3.95,395,0.044,-0.87,-0.508,3.7815228,7.8495246,-1.7188740000000002,59.513147460000006,1.87357266,-70.47956358,T02,0
3.96,396,0.04,-0.8740000000000001,-0.508,3.7815228,7.8495246,-1.8334656000000005,59.54179536,1.93086846,-70.42226778,T02,0
3.97,397,0.039,-0.877,-0.507,3.724227,7.7922288,-2.0626488000000003,59.58190241999999,1.98816426,-70.36497198,T02,0
3.98,398,0.038,-0.878,-0.505,3.5523396000000003,7.5630456000000015,-2.3491278,59.6162799,2.04546006,-70.30767618000002,T02,0
3.99,399,0.039,-0.88,-0.502,3.380452200000001,7.448453999999999,-2.6356068,59.65065738,2.10275586,-70.25610996,T02,0
4.0,400,0.048,-0.88,-0.5,2.9220858,7.2765666,-2.7501984,59.68503486,2.16005166,-70.20454373999999,T02,0
4.01,401,0.061,-0.8809999999999999,-0.503,2.6356068,6.417129599999999,-2.4637194,59.69649402,2.2345362,-70.15297752000001,T02,0
4.02,402,0.068,-0.882,-0.509,2.291832,4.9274388,-1.9480572,59.72514192,2.2746432600000004,-70.12432962,T02,0
4.03,403,0.061,-0.8859999999999999,-0.508,1.6615782,3.5523396000000003,-1.4896908000000002,59.74233065999999,2.30329116,-70.09568172,T02,0
4.04,404,0.046,-0.885,-0.513,0.9167328,2.4064236,-0.9167328,59.74806024000001,2.32620948,-70.08422256,T02,0
4.05,405,0.035,-0.883,-0.509,0.572958,2.0053530000000004,-0.572958,59.75378982,2.3376686399999995,-70.06703381999999,T02,0
4.06,406,0.034,-0.8859999999999999,-0.506,-0.0572958,2.0053530000000004,-0.4010705999999999,59.7022236,2.3376686399999995,-70.05557466,T02,0
4.07,407,0.033,-0.89,-0.517,-0.5156622000000001,2.1199446,-0.0572958,59.7022236,2.3491278,-70.03838592,T02,0
4.08,408,0.024,-0.893,-0.516,-1.0886202,2.0053530000000004,0.4010705999999999,59.69076444,2.35485738,-70.0154676,T02,0
4.09,409,0.017,-0.889,-0.52,-1.7761698,2.0053530000000004,0.7448454000000001,59.66784612,2.36058696,-69.99827886,T02,0
4.1,410,0.008,-0.889,-0.541,-2.0053530000000004,1.7188740000000002,1.145916,59.65065738,2.35485738,-69.97536054,T02,0
4.109999999999999,411,0.009,-0.9,-0.541,-1.7761698,0.286479,1.5469866,59.59336158,2.30329116,-69.97536054,T02,0
4.12,412,0.018,-0.902,-0.524,-1.9480572,-1.7188740000000002,1.7761698,59.57044326000001,2.28037284,-69.98109012,T02,0
4.13,413,0.025,-0.9,-0.518,-2.2345362,-3.3231564,2.1772404,59.54752494,2.24599536,-69.99827886,T02,0
4.14,414,0.022,-0.912,-0.522,-3.8388186,-6.3025379999999975,2.578311,59.50741787999999,2.18869956,-70.0441155,T02,0
4.15,415,-0.003,-0.927,-0.5529999999999999,-4.583664,-7.1046792000000005,3.3231564,59.46158124,2.12567418,-70.08995214000001,T02,0
4.16,416,-0.03,-0.951,-0.546,-4.8701430000000006,-6.760904399999999,4.3544808,59.41001502,2.0340009,-70.1300592,T02,0
4.17,417,-0.03,-0.95,-0.542,-5.72958,-5.6149884000000005,5.5003968,59.35271922,1.9595163600000003,-70.15297752000001,T02,0
4.18,418,-0.022,-0.944,-0.5770000000000001,-5.7868758000000025,-3.380452200000001,6.760904399999999,59.28969384000001,1.88503182,-70.14724794,T02,0
4.19,419,-0.0139999999999999,-0.959,-0.5589999999999999,-3.6669312000000014,-1.2032118,7.906820400000001,59.25531636000001,1.81054728,-70.11860004,T02,0
4.2,420,0.017,-0.966,-0.569,-5.042030400000002,-0.286479,8.651665800000002,59.20375014,1.73033316,-70.07849298,T02,0
4.21,421,0.044,-0.951,-0.596,-4.4690724,-0.9740286,9.2819196,59.14645434000001,1.65011904,-70.03838592,T02,0
4.22,422,0.032,-0.964,-0.575,-0.9167328,-0.9167328,10.4851314,59.14072476,1.55844576,-69.99254927999999,T02,0
4.23,423,0.018,-0.975,-0.583,-0.572958,0.2291832000000001,12.032118,59.13499518,1.45531332,-69.9295239,T02,0
4.24,424,0.01,-0.981,-0.601,0.9740286,0.6302538000000001,13.5791046,59.14645434000001,1.34072172,-69.85503936,T02,0
4.25,425,-0.006,-0.996,-0.606,1.7188740000000002,0.0,15.0687954,59.16937266,1.21467096,-69.78055481999999,T02,0
4.26,426,-0.0139999999999999,-1.001,-0.604,1.8907614,-0.8021411999999999,15.9282324,59.1865614,1.06570188,-69.70607028,T02,0
4.27,427,-0.0069999999999999,-1.001,-0.5820000000000001,3.0939732,-0.4010705999999999,16.1001198,59.21520930000001,0.92819196,-69.62585616,T02,0
4.28,428,0.021,-0.989,-0.604,3.0366774,0.572958,15.6990492,59.24958678,0.79641162,-69.54564203999999,T02,0
4.29,429,0.046,-0.992,-0.601,3.8961144,1.2032118,15.756345,59.28969384000001,0.66463128,-69.45396876,T02,0
4.3,430,0.05,-1.007,-0.608,4.583664,2.6356068,15.870936600000002,59.34126005999999,0.5443101,-69.35083632,T02,0
4.31,431,0.049,-1.026,-0.585,5.6149884000000005,4.4117766,16.4438946,59.39855586000001,0.4297185000000001,-69.22478556000002,T02,0
4.32,432,0.038,-1.048,-0.621,7.3911582,6.016058999999999,17.7044022,59.4730404,0.30939732,-69.08154606000001,T02,0
4.33,433,0.024,-1.0759999999999998,-0.672,5.443101,4.5263682,18.8503182,59.53033620000001,0.1718874,-68.94976572,T02,0
4.34,434,0.013,-1.0759999999999998,-0.672,3.2658606,1.0886202,18.2773602,59.5589841,0.01718874,-68.84663328,T02,0
4.35,435,0.0069999999999999,-1.103,-0.6709999999999999,4.5263682,-0.3437748,16.2147114,59.61055032,-0.1145916,-68.77214874,T02,0
4.36,436,-0.012,-1.114,-0.682,2.6929026,0.572958,13.6936962,59.63346864,-0.2291832,-68.69766419999999,T02,0
4.37,437,-0.012,-1.111,-0.6659999999999999,3.2085648,3.151269,11.2872726,59.66211654,-0.3151269,-68.61172049999999,T02,0
4.38,438,0.004,-1.098,-0.6579999999999999,2.578311,5.844171599999999,9.740286,59.69076444,-0.36669312,-68.50858806,T02,0
4.39,439,0.011,-1.091,-0.626,3.2658606,6.4744254,8.3651868,59.71941234,-0.41252976,-68.4111852,T02,0
4.4,440,0.0289999999999999,-1.104,-0.6579999999999999,2.6929026,6.3598338,7.333862400000001,59.74806024000001,-0.44117766,-68.31951192,T02,0
4.41,441,0.034,-1.123,-0.6559999999999999,2.0626488000000003,6.1879464,7.0473834,59.76524897999999,-0.46982556,-68.22783863999999,T02,0
4.42,442,0.033,-1.12,-0.64,1.6042823999999998,4.7555514,6.417129599999999,59.78243772,-0.5042030399999999,-68.1533541,T02,0
4.43,443,0.0279999999999999,-1.118,-0.659,1.145916,5.2139178,5.042030400000002,59.7881673,-0.52139178,-68.08459914,T02,0
4.44,444,0.025,-1.104,-0.655,0.9740286,6.016058999999999,3.724227,59.79962646,-0.52139178,-68.01584418,T02,0
4.45,445,0.016,-1.078,-0.6659999999999999,1.2032118,7.1046792000000005,3.2085648,59.81108562000001,-0.5156622000000001,-67.93563006,T02,0
4.46,446,0.015,-1.067,-0.645,2.1772404,7.448453999999999,3.2658606,59.82254478,-0.5042030399999999,-67.84968635999999,T02,0
4.47,447,0.018,-1.051,-0.619,2.1772404,8.078707799999998,4.1825934,59.8454631,-0.5042030399999999,-67.76374266,T02,0
4.48,448,0.017,-1.022,-0.614,2.578311,9.9694692,5.2139178,59.86838142000001,-0.4984734599999999,-67.64915106,T02,0
4.49,449,0.017,-1.016,-0.617,3.5523396000000003,12.032118,5.6722842,59.9027589,-0.49274388,-67.51737072,T02,0
4.5,450,0.025,-1.005,-0.616,3.4950437999999995,13.521808800000002,5.7868758000000025,59.93713638000001,-0.47555514,-67.36840163999999,T02,0
4.51,451,0.031,-1.005,-0.598,4.8701430000000006,13.6364004,5.5576926,59.97724344,-0.4526368200000001,-67.21943256,T02,0
4.52,452,0.03,-0.997,-0.584,5.5576926,13.2926256,5.72958,60.02880966,-0.44117766,-67.07619306000001,T02,0
4.53,453,0.038,-0.988,-0.586,6.417129599999999,13.5791046,6.0733548,60.09183504,-0.4297185000000001,-66.92722398,T02,0
4.54,454,0.046,-0.977,-0.596,6.0733548,13.0634424,6.4744254,60.14913084,-0.42398892,-66.77825490000001,T02,0
4.55,455,0.039,-0.977,-0.564,7.5057497999999985,11.9748222,7.161975,60.22361538,-0.42398892,-66.64074498,T02,0
4.56,456,0.038,-0.959,-0.56,7.7922288,11.5737516,6.703608600000001,60.29237034000001,-0.41825934,-66.49750548,T02,0
4.57,457,0.051,-0.963,-0.557,9.8548776,12.261301199999998,5.5576926,60.38977319999999,-0.40680018,-66.36572514000001,T02,0
4.58,458,0.064,-0.976,-0.57,11.0580894,12.605076,4.6982556,60.49863522,-0.38961144,-66.22821522,T02,0
4.59,459,0.057,-0.979,-0.565,12.834259199999998,11.6310474,4.8701430000000006,60.63041556,-0.37815228,-66.10216446000001,T02,0
4.6,460,0.042,-0.971,-0.562,15.0687954,10.886202,4.8701430000000006,60.77938464,-0.36669312,-65.98184327999999,T02,0
4.61,461,0.046,-0.95,-0.5489999999999999,17.303331600000003,10.313244,4.4690724,60.94554246,-0.3437748,-65.86725168000001,T02,0
4.62,462,0.057,-0.929,-0.535,19.4232762,9.224623800000002,4.4690724,61.14034818,-0.33804522,-65.76411924,T02,0
4.63,463,0.063,-0.924,-0.524,22.5172494,7.5057497999999985,4.8701430000000006,61.36380180000001,-0.3437748,-65.67244595999999,T02,0
4.64,464,0.068,-0.933,-0.524,25.2674478,6.3598338,5.72958,61.62163290000001,-0.36669312,-65.58650226,T02,0
4.65,465,0.062,-0.927,-0.504,26.814434400000003,5.1566220000000005,6.6463128000000005,61.89092316,-0.39534102,-65.50628814000001,T02,0
4.66,466,0.052,-0.922,-0.48,29.9084076,3.8388186,6.703608600000001,62.18886132,-0.42398892,-65.43753317999999,T02,0
4.67,467,0.052,-0.913,-0.48,32.7731976,3.380452200000001,5.958763200000001,62.52117696000001,-0.4583664000000001,-65.38023738,T02,0
4.68,468,0.059,-0.925,-0.4589999999999999,35.122325399999994,4.010706000000001,4.7555514,62.87641092,-0.47555514,-65.31721200000001,T02,0
4.69,469,0.06,-0.921,-0.471,35.9244666,4.2398892,3.724227,63.24310404000001,-0.4870143000000001,-65.25991619999999,T02,0
4.7,470,0.0579999999999999,-0.929,-0.46,37.4714532,3.4377480000000005,2.7501984,63.62125632,-0.49274388,-65.21407955999999,T02,0
4.71,471,0.053,-0.932,-0.442,38.4454818,1.432395,2.5210152000000003,64.01659734,-0.4984734599999999,-65.18543166,T02,0
4.72,472,0.033,-0.913,-0.391,37.5860448,-0.8594370000000001,3.2658606,64.39474962,-0.52139178,-65.17397249999999,T02,0
4.73,473,0.0279999999999999,-0.916,-0.435,38.961144,-1.6615782,4.1252976000000015,64.79009063999999,-0.56149884,-65.16824292,T02,0
4.74,474,0.046,-0.933,-0.45,39.3049188,-0.8021411999999999,4.9274388,65.19116124,-0.6073354799999999,-65.15678376,T02,0
4.75,475,0.07,-0.923,-0.411,39.47680620000001,0.7448454000000001,4.7555514,65.59223184,-0.64171296,-65.12240627999999,T02,0
4.76,476,0.067,-0.903,-0.445,39.3622146,0.3437748,5.5003968,65.97611370000001,-0.6703608600000001,-65.09375838000001,T02,0
4.77,477,0.0559999999999999,-0.898,-0.446,39.6486936,-1.2605076000000002,6.703608600000001,66.38291388,-0.73338624,-65.07656964,T02,0
4.78,478,0.018,-0.889,-0.359,42.112413,-2.3491278,7.6203414,66.81263238,-0.8078707799999998,-65.06511048,T02,0
4.79,479,-0.016,-0.8640000000000001,-0.39,42.34159620000001,-1.9480572,8.651665800000002,67.24235088,-0.8880849000000001,-65.04219216,T02,0
4.8,480,-0.035,-0.879,-0.413,42.62807520000001,-4.7555514,8.9954406,67.67206938000001,-0.98548776,-65.05365132,T02,0
4.81,481,-0.052,-0.8420000000000001,-0.3279999999999999,41.539455,-6.9327918,9.740286,68.09605830000001,-1.10007936,-65.07656964,T02,0
4.82,482,-0.053,-0.7929999999999999,-0.319,42.5707794,-8.021412000000002,10.0840608,68.53150638,-1.21467096,-65.11094712,T02,0
4.83,483,-0.042,-0.8029999999999999,-0.341,42.2270046,-12.6623718,11.0580894,68.96122488,-1.35218088,-65.18543166,T02,0
4.84,484,0.016,-0.789,-0.326,38.38818600000001,-15.870936600000002,12.2040054,69.35656589999999,-1.51260912,-65.2885641,T02,0
4.85,485,0.026,-0.75,-0.2289999999999999,35.2942128,-19.8243468,12.7196676,69.72325902,-1.6902260999999998,-65.42607402,T02,0
4.86,486,0.012,-0.6809999999999999,-0.28,32.31483119999999,-25.496631,13.6936962,70.05557466,-1.89649098,-65.61515016,T02,0
4.87,487,-0.0069999999999999,-0.669,-0.183,32.6013102,-28.81978740000001,14.4385416,70.39934946000002,-2.11421502,-65.83860378,T02,0
4.88,488,-0.037,-0.688,-0.173,26.5852512,-28.7051958,13.5791046,70.68009888,-2.32620948,-66.06205739999999,T02,0
4.89,489,-0.085,-0.664,-0.221,21.1421502,-29.2781538,12.6623718,70.90928208,-2.53247436,-66.29697017999999,T02,0
4.9,490,-0.135,-0.635,-0.177,21.0848544,-30.1375908,11.5164558,71.13846528,-2.72728008,-66.54334212,T02,0
4.91,491,-0.181,-0.606,-0.162,21.485925,-28.8770832,9.167328,71.37910764,-2.91062664,-66.78971406,T02,0
4.92,492,-0.221,-0.5720000000000001,-0.161,22.1734746,-25.0955604,6.703608600000001,71.61975,-3.04240698,-67.00170852,T02,0
4.93,493,-0.225,-0.547,-0.17,23.777757,-23.6058696,6.130650599999999,71.87185152,-3.16845774,-67.2079734,T02,0
4.94,494,-0.186,-0.569,-0.193,25.3820394,-25.3247436,7.9641161999999985,72.14687136,-3.3116972399999995,-67.41996786,T02,0
4.95,495,-0.119,-0.56,-0.209,26.2987722,-28.1322378,10.8289062,72.43335035999998,-3.48931422,-67.65488064,T02,0
4.96,496,-0.045,-0.532,-0.216,28.1895336,-31.741873200000004,11.172681,72.7370181,-3.67266078,-67.91844132,T02,0
4.97,497,-0.006,-0.494,-0.13,31.79916900000001,-32.31483119999999,9.9121734,73.0807929,-3.85027776,-68.19919074,T02,0
4.98,498,0.022,-0.495,-0.037,35.122325399999994,-32.6013102,7.7922288,73.46467476,-4.00497642,-68.48566973999999,T02,0
4.99,499,0.035,-0.49,-0.0579999999999999,32.4867186,-31.3980984,8.136003599999999,73.81417914,-4.15967508,-68.76068957999999,T02,0
5.0,500,0.026,-0.515,-0.091,39.7632852,-28.81978740000001,10.1986524,74.24389764,-4.325832900000001,-69.00706152000001,T02,0
5.01,501,-0.006,-0.586,-0.077,45.4355694,-31.6845774,12.7196676,74.73664152,-4.51490904,-69.27635178,T02,0
5.02,502,-0.046,-0.645,-0.121,44.7480198,-35.7525792,14.4958374,75.21792624,-4.73263308,-69.58001952,T02,0
5.03,503,-0.11,-0.7,-0.1009999999999999,47.3836266,-37.5860448,16.329303,75.73358843999998,-4.96754586,-69.89514642,T02,0
5.04,504,-0.162,-0.7170000000000001,-0.08,43.1437374,-35.0650296,16.7303736,76.19768442,-5.19672906,-70.19308457999999,T02,0
5.05,505,-0.21,-0.726,-0.135,40.7946096,-34.66395900000001,15.0687954,76.64459166,-5.40872352,-70.49102274,T02,0
5.06,506,-0.235,-0.742,-0.181,40.2216516,-32.31483119999999,12.4331886,77.08576932000003,-5.60925882,-70.77750174,T02,0
5.07,507,-0.243,-0.767,-0.156,41.3102718,-25.3247436,9.6256944,77.52694698,-5.746768739999999,-71.00095536,T02,0
5.08,508,-0.228,-0.794,-0.166,41.825934,-16.959556799999998,6.875496000000001,77.97385421999998,-5.83844202,-71.14419486,T02,0
5.09,509,-0.195,-0.826,-0.158,42.1697088,-9.6829902,4.8701430000000006,78.40930230000002,-5.9014674000000005,-71.23013856,T02,0
5.1,510,-0.2,-0.82,-0.152,41.19568020000001,-4.1252976000000015,4.1825934,78.83329122,-5.94157446,-71.25878646,T02,0
5.11,511,-0.2239999999999999,-0.863,-0.113,40.7373138,3.2658606,6.2452422,79.24582097999998,-6.016058999999999,-71.21294982,T02,0
5.12,512,-0.212,-0.902,-0.142,37.1849742,9.3392154,8.021412000000002,79.60678451999998,-6.079084379999999,-71.1040878,T02,0
5.13,513,-0.159,-0.926,-0.179,35.5806918,14.7823164,8.651665800000002,79.95055932,-6.13638018,-70.93792998,T02,0
5.14,514,-0.111,-0.94,-0.205,33.804522,17.5325148,8.136003599999999,80.2714158,-6.1879464,-70.74885384000002,T02,0
5.15,515,-0.078,-0.931,-0.208,30.93973200000001,17.8762896,6.6463128000000005,80.56362438,-6.22805346,-70.5597777,T02,0
5.16,516,-0.061,-0.905,-0.221,26.1841806,17.4179232,3.8961144,80.78707800000002,-6.22805346,-70.37070156,T02,0
5.17,517,-0.0559999999999999,-0.8590000000000001,-0.2739999999999999,24.923673,17.0168526,0.9740286,81.0162612,-6.2165943,-70.19881416000001,T02,0
5.18,518,-0.055,-0.863,-0.29,27.6738714,14.7250206,-1.7761698,81.27982188,-6.17648724,-70.05557466,T02,0
5.19,519,-0.0559999999999999,-0.873,-0.298,28.5333084,14.037471,-5.844171599999999,81.55484172,-6.1020027,-69.92379432,T02,0
5.2,520,-0.05,-0.888,-0.3,31.3980984,12.261301199999998,-7.906820400000001,81.85850946000002,-6.00459984,-69.80920272,T02,0
5.21,521,-0.025,-0.918,-0.297,31.79916900000001,9.9694692,-9.9121734,82.13925888,-5.87854908,-69.71179986,T02,0
5.22,522,-0.023,-0.936,-0.281,30.194886600000004,7.906820400000001,-12.4331886,82.43719704,-5.746768739999999,-69.64877448000001,T02,0
5.23,523,-0.042,-0.99,-0.242,30.7678446,6.417129599999999,-14.266654199999998,82.74086478000002,-5.59779966,-69.59720826,T02,0
5.24,524,-0.066,-1.033,-0.266,29.2781538,3.2658606,-14.8396122,83.03880294000002,-5.443101,-69.58001952,T02,0
5.25,525,-0.104,-1.042,-0.233,28.9916748,0.8594370000000001,-13.980175199999998,83.33101152,-5.2998615,-69.58574909999999,T02,0
5.26,526,-0.162,-1.031,-0.2189999999999999,27.4446882,-1.3750992,-12.261301199999998,83.58884262000002,-5.19672906,-69.60866741999999,T02,0
5.27,527,-0.2239999999999999,-1.004,-0.203,27.2728008,0.7448454000000001,-12.261301199999998,83.86386246,-5.0706783,-69.614397,T02,0
5.28,528,-0.264,-0.972,-0.181,25.1528562,6.417129599999999,-13.750992000000002,84.11596397999998,-4.9274388,-69.56283078,T02,0
5.29,529,-0.29,-0.947,-0.162,20.9702628,14.381245800000002,-15.9282324,84.31649927999999,-4.7555514,-69.43105044,T02,0
5.3,530,-0.295,-0.927,-0.17,17.0741484,22.4026578,-17.5325148,84.47119794,-4.56647526,-69.22478556000002,T02,0
5.31,531,-0.3,-0.929,-0.1639999999999999,18.5065434,28.6479,-17.761698000000006,84.62016702,-4.40031744,-68.96122488,T02,0
5.32,532,-0.271,-0.939,-0.107,18.1054728,34.4347758,-15.870936600000002,84.77486567999998,-4.21697088,-68.63463881999999,T02,0
5.33,533,-0.212,-0.937,-0.072,15.9282324,39.534102,-12.3758928,84.90664602000003,-4.0680017999999984,-68.25075696,T02,0
5.34,534,-0.125,-0.959,-0.051,15.4125702,41.76863820000001,-8.193299399999999,85.0269672,-3.9648693599999993,-67.84395678,T02,0
5.35,535,-0.036,-1.008,-0.05,16.272007199999994,40.90920120000001,-4.6409598,85.15874754000002,-3.89038482,-67.43715660000001,T02,0
5.36,536,0.004,-1.046,-0.051,19.767051,37.9298196,-2.7501984,85.33063494000002,-3.82735944,-67.05900432000001,T02,0
5.37,537,0.003,-1.109,-0.01,25.8977016,33.002380800000005,-2.3491278,85.57127729999998,-3.78725238,-66.73241826,T02,0
5.38,538,-0.016,-1.133,0.002,25.496631,28.4760126,-4.4117766,85.80619008000002,-3.724227,-66.45166884,T02,0
5.39,539,-0.043,-1.128,0.015,24.4653066,26.2987722,-6.875496000000001,86.03537328,-3.644012880000001,-66.19383774,T02,0
5.4,540,-0.063,-1.116,0.011,21.02755860000001,24.0069402,-8.59437,86.23017899999998,-3.54661002,-65.95892496,T02,0
5.41,541,-0.076,-1.102,0.003,17.3606274,20.3973048,-9.0527364,86.40206640000002,-3.4492071599999994,-65.75838966,T02,0
5.42,542,-0.098,-1.089,-0.002,13.5791046,15.9282324,-8.3651868,86.52811716,-3.36326346,-65.603691,T02,0
5.43,543,-0.121,-1.069,-0.005,8.9954406,12.318597,-6.760904399999999,86.60833127999999,-3.28877892,-65.4890994,T02,0
5.44,544,-0.1169999999999999,-1.046,-0.0139999999999999,6.130650599999999,10.5424272,-5.2712136,86.66562708000002,-3.2314831199999987,-65.38596696,T02,0
5.45,545,-0.104,-1.026,-0.034,2.578311,8.9381448,-4.1252976000000015,86.68281582,-3.1913760600000005,-65.30002326,T02,0
5.46,546,-0.078,-1.015,-0.046,0.6302538000000001,7.448453999999999,-3.6669312000000014,86.67135666,-3.15699858,-65.22553872,T02,0
5.47,547,-0.052,-1.019,-0.063,-1.2032118,6.703608600000001,-3.6669312000000014,86.65416791999998,-3.11689152,-65.16251334,T02,0
5.48,548,-0.04,-1.019,-0.072,-2.7501984,7.161975,-3.724227,86.61979044,-3.07678446,-65.09375838000001,T02,0
5.49,549,-0.034,-0.999,-0.076,-3.151269,8.479778399999999,-3.6096354,86.58541296,-3.0366774000000003,-65.00781468,T02,0
5.5,550,-0.021,-0.948,-0.1,-1.9480572,10.599723,-3.7815228,86.55676506,-2.9965703400000003,-64.91041182000001,T02,0
5.51,551,-0.002,-0.913,-0.102,3.7815228,11.6310474,-3.4950437999999995,86.56249464,-2.93927454,-64.78436106000001,T02,0
5.52,552,0.017,-0.9,-0.093,11.45916,8.307891,-2.6929026,86.67135666,-2.90489706,-64.70414694,T02,0
5.53,553,0.015,-0.909,-0.049,19.194093,2.86479,-1.3750992,86.86616238,-2.88770832,-64.67549904,T02,0
5.54,554,-0.0139999999999999,-0.939,0.026,24.0069402,-2.4064236,-0.572958,87.11253432000002,-2.88197874,-64.69268778,T02,0
5.55,555,-0.053,-0.983,0.071,23.0329116,-4.6982556,-0.8594370000000001,87.3474471,-2.87051958,-64.73852442,T02,0
5.56,556,-0.072,-1.025,0.069,18.3919518,-4.4690724,-1.4896908000000002,87.56517113999998,-2.86479,-64.78436106000001,T02,0
5.57,557,-0.071,-1.057,0.018,13.2926256,-3.724227,-1.8907614,87.70268106,-2.84187168,-64.82446811999999,T02,0
5.58,558,-0.053,-1.0759999999999998,-0.022,10.1413566,-3.4377480000000005,-1.3178034,87.81154308,-2.83041252,-64.85884560000001,T02,0
5.59,559,-0.03,-1.078,-0.031,8.4224826,-4.2398892,-0.6302538000000001,87.89748678,-2.82468294,-64.89895265999999,T02,0
5.6,560,-0.005,-1.07,-0.036,7.2192707999999985,-4.8128472,0.0,87.97197132,-2.82468294,-64.9447893,T02,0
5.61,561,0.006,-1.043,-0.023,5.6722842,-5.9014674000000005,0.6302538000000001,88.03499670000002,-2.78457588,-64.99062594,T02,0
5.62,562,0.001,-1.018,-0.002,4.8128472,-8.078707799999998,0.8021411999999999,88.0922925,-2.79603504,-65.07084006,T02,0
5.63,563,-0.015,-0.99,-0.011,2.578311,-9.2819196,0.9167328,88.12094040000002,-2.8074942000000003,-65.16251334,T02,0
5.64,564,-0.037,-0.972,-0.019,1.8907614,-10.0840608,0.6302538000000001,88.14958829999998,-2.81322378,-65.26564578,T02,0
5.65,565,-0.055,-0.978,-0.027,2.6356068,-10.886202,0.1145916,88.18396578000002,-2.81322378,-65.36877822,T02,0
5.66,566,-0.063,-1.0,-0.04,2.7501984,-11.172681,0.0572958,88.18969536,-2.81895336,-65.48336982,T02,0
5.67,567,-0.067,-1.012,-0.063,2.0053530000000004,-11.172681,0.0,88.21834326000004,-2.82468294,-65.59223184,T02,0
5.68,568,-0.068,-1.009,-0.073,2.1772404,-10.5424272,-0.4583664000000001,88.24699116,-2.81895336,-65.69536428,T02,0
5.69,569,-0.054,-1.003,-0.071,3.6096354,-8.307891,-1.2605076000000002,88.28709822,-2.80176462,-65.78130798,T02,0
5.7,570,-0.035,-0.989,-0.0559999999999999,5.3858052,-5.5003968,-2.1199446,88.35012359999996,-2.78457588,-65.8328742,T02,0
5.71,571,-0.021,-0.978,-0.053,9.453807,-3.8961144,-2.6929026,88.41887856000002,-2.73873924,-65.86725168000001,T02,0
5.72,572,-0.0139999999999999,-0.98,-0.059,10.886202,-6.130650599999999,-2.4064236,88.53347016000002,-2.71582092,-65.92454748,T02,0
5.73,573,-0.006,-0.982,-0.045,11.5164558,-10.1413566,-1.6042823999999998,88.65952092,-2.69863218,-66.02767992,T02,0
5.74,574,-0.004,-0.998,-0.019,11.1153852,-11.745639,-0.6875496,88.7798421,-2.68717302,-66.14227152,T02,0
5.75,575,-0.009,-1.018,-0.006,9.0527364,-11.2299768,0.1718874,88.87724496000001,-2.68717302,-66.25113354,T02,0
5.76,576,-0.0139999999999999,-1.032,-0.009,6.760904399999999,-10.7143146,0.7448454000000001,88.94599991999998,-2.67571386,-66.3485364,T02,0
5.77,577,-0.021,-1.033,-0.017,5.5576926,-10.4278356,0.9740286,89.00902529999998,-2.68144344,-66.45166884,T02,0
5.78,578,-0.034,-1.033,-0.024,4.6982556,-9.3392154,0.8021411999999999,89.06059152,-2.6929026,-66.54334212,T02,0
5.79,579,-0.051,-1.027,-0.03,3.6096354,-6.8182002000000015,0.4583664000000001,89.10069858,-2.6929026,-66.61209708,T02,0
5.8,580,-0.061,-1.016,-0.026,2.6356068,-4.010706000000001,0.286479,89.12934648,-2.69863218,-66.65220414,T02,0
5.81,581,-0.0579999999999999,-1.006,-0.033,1.5469866,-2.291832,0.1718874,89.00902529999998,-2.71009134,-66.66939288,T02,0
5.82,582,-0.049,-0.989,-0.046,0.572958,-1.8907614,-0.2291832000000001,89.01475488,-2.71009134,-66.68658162,T02,0
5.83,583,-0.037,-0.974,-0.038,1.7761698,-2.2345362,-1.0313244,89.03767320000001,-2.69863218,-66.70949994,T02,0
5.84,584,-0.026,-0.98,-0.023,3.0939732,-2.3491278,-1.7188740000000002,89.07205067999998,-2.68144344,-66.73241826,T02,0
5.85,585,-0.022,-0.991,-0.021,3.0366774,-1.9480572,-2.1199446,89.10069858,-2.65852512,-66.749607,T02,0
5.86,586,-0.033,-1.001,-0.026,2.86479,-1.3178034,-2.0053530000000004,89.07778026000004,-2.61841806,-66.75533657999999,T02,0
5.87,587,-0.047,-1.015,-0.024,3.4950437999999995,-0.286479,-1.7188740000000002,89.11215774000001,-2.6012293200000003,-66.76106616,T02,0
5.88,588,-0.062,-1.024,-0.022,3.8961144,0.9167328,-1.2032118,89.1522648,-2.58977016,-66.749607,T02,0
5.89,589,-0.066,-1.023,-0.023,3.5523396000000003,2.1199446,-1.0313244,89.18664228,-2.578311,-66.72668868000001,T02,0
5.9,590,-0.0559999999999999,-1.02,-0.019,3.0366774,2.7501984,-0.7448454000000001,89.21529018,-2.57258142,-66.69804078,T02,0
5.91,591,-0.043,-1.019,-0.026,1.7761698,2.6356068,-0.572958,89.16372396,-2.5496631,-66.6636633,T02,0
5.92,592,-0.038,-1.011,-0.034,2.1199446,1.8334656000000005,-0.5156622000000001,89.18664228,-2.54393352,-66.64647456,T02,0
5.93,593,-0.045,-1.008,-0.032,3.380452200000001,0.9167328,-0.2291832000000001,89.22101975999998,-2.53820394,-66.63501540000001,T02,0
5.94,594,-0.054,-1.002,-0.022,3.8388186,0.3437748,-0.2291832000000001,89.26112682,-2.53820394,-66.62928581999999,T02,0
5.95,595,-0.0559999999999999,-0.995,-0.016,4.010706000000001,0.572958,-0.572958,89.30123388000001,-2.53247436,-66.62355624,T02,0
5.96,596,-0.05,-0.989,-0.01,4.1252976000000015,0.9167328,-1.145916,89.31269304,-2.5210152000000003,-66.61209708,T02,0
5.97,597,-0.043,-0.99,-0.009,3.7815228,0.5156622000000001,-1.6042823999999998,89.3528001,-2.50382646,-66.6063675,T02,0
5.98,598,-0.0409999999999999,-0.997,-0.011,3.5523396000000003,-0.4010705999999999,-1.7188740000000002,89.39290716000002,-2.48663772,-66.61209708,T02,0
5.99,599,-0.043,-1.003,-0.02,3.5523396000000003,-1.2032118,-1.6615782,89.42728464000002,-2.46944898,-66.62355624,T02,0
6.0,600,-0.047,-1.001,-0.021,4.1252976000000015,-1.3750992,-1.432395,89.46739170000002,-2.45226024,-66.63501540000001,T02,0
6.01,601,-0.048,-1.0,-0.016,4.7555514,-1.6615782,-1.2605076000000002,89.49031002000002,-2.44080108,-66.65220414,T02,0
6.02,602,-0.042,-1.0,-0.011,5.6149884000000005,-1.4896908000000002,-1.2032118,89.54760582,-2.42361234,-66.6636633,T02,0
6.03,603,-0.038,-1.001,-0.006,7.5057497999999985,-1.0313244,-1.3178034,89.62209035999999,-2.41215318,-66.67512246,T02,0
6.04,604,-0.04,-1.007,-0.01,8.880849000000003,-1.6615782,-1.3750992,89.71376364,-2.39496444,-66.6923112,T02,0
6.05,605,-0.049,-1.007,-0.002,8.651665800000002,-2.5210152000000003,-1.3750992,89.80543692,-2.3777757,-66.71522952000001,T02,0
6.06,606,-0.053,-1.007,0.0069999999999999,7.9641161999999985,-2.6929026,-1.0886202,89.87992145999998,-2.37204612,-66.74387741999999,T02,0
6.07,607,-0.049,-1.008,0.005,6.760904399999999,-2.8074942000000003,-0.8594370000000001,89.94867642,-2.36631654,-66.76679573999999,T02,0
6.08,608,-0.035,-1.004,0.003,5.5576926,-2.86479,-0.9167328,90.00597222,-2.35485738,-66.79544364,T02,0
6.09,609,-0.026,-1.003,0.0069999999999999,5.1566220000000005,-3.5523396000000003,-1.2032118,90.06326802,-2.3376686399999995,-66.82982111999999,T02,0
6.1,610,-0.026,-1.01,0.011,4.8701430000000006,-4.297185,-1.432395,90.11483424,-2.32620948,-66.87565776,T02,0
6.11,611,-0.036,-1.019,0.0069999999999999,4.4690724,-4.8701430000000006,-1.432395,90.14921172,-2.30329116,-66.9214944,T02,0
6.12,612,-0.052,-1.022,0.005,3.8388186,-5.2139178,-1.2605076000000002,90.18931878,-2.2918320000000003,-66.97306062,T02,0
6.13,613,-0.063,-1.021,0.005,3.4377480000000005,-5.042030400000002,-0.9740286,90.22942584,-2.28037284,-67.01889725999999,T02,0
6.14,614,-0.068,-1.014,0.005,2.9793816000000004,-4.010706000000001,-0.6875496,90.25807374,-2.26891368,-67.05900432000001,T02,0
6.15,615,-0.061,-1.008,0.003,2.4064236,-2.9220858,-0.8594370000000001,90.28672164,-2.25745452,-67.08765222,T02,0
6.16,616,-0.045,-1.006,0.003,1.8334656000000005,-2.3491278,-0.9740286,90.2695329,-2.24599536,-67.11057054,T02,0
6.17,617,-0.033,-1.013,-0.002,1.4896908000000002,-2.7501984,-1.0886202,90.28672164,-2.22880662,-67.13348886,T02,0
6.18,618,-0.03,-1.016,-0.019,0.6875496,-3.151269,-0.7448454000000001,90.29245122,-2.22307704,-67.16786634,T02,0
6.19,619,-0.042,-1.013,-0.026,0.6875496,-3.6669312000000014,-0.9167328,90.30391038,-2.21161788,-67.20224381999999,T02,0
6.2,620,-0.057,-1.002,-0.0279999999999999,0.6302538000000001,-2.8074942000000003,-0.8594370000000001,90.30963996,-2.20015872,-67.23089172,T02,0
6.21,621,-0.069,-0.997,-0.03,0.3437748,-1.0313244,-0.8594370000000001,90.04607927999999,-2.32620948,-67.25953962000001,T02,0
6.22,622,-0.068,-0.998,-0.0279999999999999,0.4583664000000001,0.3437748,-0.6875496,90.05180886000002,-2.3204799,-67.25953962000001,T02,0
6.23,623,-0.059,-1.003,-0.019,0.8594370000000001,1.2605076000000002,-0.3437748,90.05753844,-2.3147503200000004,-67.24235088,T02,0
6.24,624,-0.051,-1.01,-0.013,0.9740286,1.7761698,-0.0572958,90.06899759999996,-2.3147503200000004,-67.22516214,T02,0
6.25,625,-0.042,-1.017,-0.013,0.5156622000000001,2.0626488000000003,0.0,90.07472718,-2.3204799,-67.2079734,T02,0
6.26,626,-0.037,-1.017,-0.016,0.2291832000000001,1.8334656000000005,-0.1718874,89.93148768,-2.28610242,-67.16213676,T02,0
6.27,627,-0.036,-1.017,-0.018,0.1145916,1.4896908000000002,-0.5156622000000001,89.93148768,-2.28037284,-67.15067760000001,T02,0
6.28,628,-0.035,-1.014,-0.018,-0.1718874,1.2032118,-0.8021411999999999,89.93148768,-2.2746432600000004,-67.13921844000001,T02,0
6.29,629,-0.037,-1.01,-0.018,-0.5156622000000001,1.145916,-0.8594370000000001,89.92002852,-2.2631841,-67.12775927999999,T02,0
6.3,630,-0.038,-1.007,-0.021,-0.9167328,1.2032118,-0.572958,89.91429894,-2.25745452,-67.11630012,T02,0
6.31,631,-0.038,-1.005,-0.026,-1.2605076000000002,1.3178034,-0.1718874,89.76532986,-2.24026578,-67.08765222,T02,0
6.32,632,-0.0409999999999999,-1.003,-0.027,-1.2032118,1.3750992,0.1718874,89.74814112,-2.24599536,-67.07046348,T02,0
6.33,633,-0.043,-1.001,-0.018,-0.9167328,1.6042823999999998,0.3437748,89.74241154,-2.25172494,-67.05900432000001,T02,0
6.34,634,-0.045,-1.005,-0.02,-0.9167328,2.1199446,0.3437748,89.73095237999998,-2.25172494,-67.036086,T02,0
6.35,635,-0.045,-1.005,-0.023,-0.5156622000000001,2.2345362,0.2291832000000001,89.72522280000004,-2.25745452,-67.01316768000001,T02,0
6.36,636,-0.043,-1.003,-0.024,-0.5156622000000001,2.1772404,0.0,89.59917204,-2.25172494,-66.97879019999999,T02,0
6.37,637,-0.042,-0.998,-0.019,-0.1145916,2.2345362,-0.1145916,89.59917204,-2.25172494,-66.95587187999999,T02,0
6.38,638,-0.045,-1.0,-0.016,0.2291832000000001,2.0053530000000004,-0.2291832000000001,89.59917204,-2.24599536,-66.93868314,T02,0
6.39,639,-0.045,-1.003,-0.009,0.0,2.1199446,-0.286479,89.59917204,-2.24599536,-66.91576482,T02,0
6.4,640,-0.039,-1.011,-0.008,-0.4010705999999999,1.8907614,-0.1718874,89.59344246,-2.24599536,-66.89857608,T02,0
6.41,641,-0.035,-1.018,-0.011,-0.6302538000000001,1.5469866,0.0572958,89.49031002000002,-2.21161788,-66.86419860000001,T02,0
6.42,642,-0.035,-1.021,-0.017,-0.6875496,1.3178034,0.2291832000000001,89.48458044,-2.21734746,-66.85273944,T02,0
6.43,643,-0.043,-1.015,-0.02,-0.5156622000000001,1.2605076000000002,0.1145916,89.47885086,-2.21734746,-66.8355507,T02,0
6.44,644,-0.051,-1.009,-0.019,-0.1718874,1.5469866,0.0572958,89.47312128,-2.21734746,-66.82409154000001,T02,0
6.45,645,-0.0559999999999999,-1.004,-0.02,0.0,2.1772404,0.0,89.47312128,-2.21734746,-66.80117322,T02,0
6.46,646,-0.055,-0.995,-0.018,0.1718874,2.578311,0.1145916,89.41582548,-2.24026578,-66.77825490000001,T02,0
6.47,647,-0.053,-0.992,-0.0139999999999999,0.4583664000000001,2.86479,0.1145916,89.42155505999996,-2.24599536,-66.749607,T02,0
6.48,648,-0.055,-0.992,-0.009,0.8021411999999999,2.9220858,0.1145916,89.42728464000002,-2.24599536,-66.72095909999999,T02,0
6.49,649,-0.0559999999999999,-0.995,-0.005,1.0886202,3.2658606,-0.0572958,89.4387438,-2.24599536,-66.68658162,T02,0
6.5,650,-0.0559999999999999,-1.003,-0.004,1.2605076000000002,3.5523396000000003,-0.286479,89.45020296,-2.24026578,-66.65220414,T02,0
6.51,651,-0.055,-1.007,-0.009,1.3178034,3.7815228,-0.4583664000000001,89.42728464000002,-2.25172494,-66.61782666,T02,0
6.52,652,-0.054,-1.008,-0.0069999999999999,1.6615782,3.8961144,-0.6875496,89.44447338,-2.24599536,-66.5777196,T02,0
6.53,653,-0.052,-1.008,-0.0069999999999999,1.7188740000000002,4.2398892,-0.6302538000000001,89.46166212,-2.24026578,-66.53761254,T02,0
6.54,654,-0.05,-1.005,-0.003,1.8334656000000005,4.297185,-0.4010705999999999,89.47885086,-2.24026578,-66.49177590000001,T02,0
6.55,655,-0.049,-1.006,0.0069999999999999,2.6356068,4.010706000000001,-0.0572958,89.50176918,-2.2345362,-66.45166884,T02,0
6.56,656,-0.049,-1.011,0.011,2.4064236,4.2398892,0.0,89.51895792,-2.24599536,-66.41156178,T02,0
6.57,657,-0.049,-1.011,0.008,1.5469866,4.5263682,0.0,89.53614666000001,-2.24599536,-66.36572514000001,T02,0
6.58,658,-0.047,-1.011,0.004,0.8021411999999999,4.4690724,0.0572958,89.54187624,-2.24599536,-66.31988849999999,T02,0
6.59,659,-0.0409999999999999,-1.01,0.001,0.1718874,3.8388186,0.1718874,89.54187624,-2.24599536,-66.28551102,T02,0
6.6,660,-0.036,-1.007,0.0,0.1718874,2.7501984,0.286479,89.54187624,-2.25172494,-66.25686312,T02,0
6.61,661,-0.037,-1.007,0.003,0.286479,1.4896908000000002,0.2291832000000001,89.50176918,-2.2345362,-66.2339448,T02,0
6.62,662,-0.042,-1.011,0.002,0.0,0.7448454000000001,0.0,89.50176918,-2.2345362,-66.22248564,T02,0
6.63,663,-0.044,-1.011,-0.003,-0.4010705999999999,0.572958,-0.286479,89.49603959999996,-2.2345362,-66.21675606,T02,0
6.64,664,-0.044,-1.009,-0.011,-0.6875496,0.6875496,-0.286479,89.49031002000002,-2.22880662,-66.21102648,T02,0
6.65,665,-0.043,-0.999,-0.009,-0.4583664000000001,0.0,0.0,89.48458044,-2.22880662,-66.21102648,T02,0
6.66,666,-0.044,-0.996,0.001,0.2291832000000001,-0.8021411999999999,0.0,89.45020296,-2.2345362,-66.21675606,T02,0
6.67,667,-0.044,-1.0,0.004,0.4010705999999999,-1.2605076000000002,-0.0572958,89.45593253999998,-2.2345362,-66.2339448,T02,0
6.68,668,-0.046,-1.005,0.0,0.0,-1.3750992,-0.0572958,89.45593253999998,-2.2345362,-66.24540396,T02,0
6.69,669,-0.046,-1.006,-0.006,0.0,-1.3178034,-0.1145916,89.45593253999998,-2.22880662,-66.25686312,T02,0
6.7,670,-0.049,-1.006,-0.004,0.9740286,-1.5469866,0.0,89.46739170000002,-2.22880662,-66.27405186,T02,0
6.71,671,-0.053,-1.003,0.0,1.4896908000000002,-1.9480572,0.1145916,89.46739170000002,-2.25172494,-66.29697017999999,T02,0
6.72,672,-0.0559999999999999,-1.002,0.006,1.8907614,-1.9480572,0.2291832000000001,89.49031002000002,-2.25172494,-66.31988849999999,T02,0
6.73,673,-0.053,-1.002,0.011,1.6615782,-1.6615782,0.2291832000000001,89.50749876,-2.25745452,-66.33707724,T02,0
6.74,674,-0.05,-1.005,0.011,1.2605076000000002,-1.432395,0.2291832000000001,89.5246875,-2.25745452,-66.3485364,T02,0
6.75,675,-0.047,-1.006,0.006,0.7448454000000001,-1.2605076000000002,0.0572958,89.53041707999998,-2.25745452,-66.35999556,T02,0
6.76,676,-0.045,-1.007,0.0,0.6875496,-1.0313244,-0.0572958,89.47885086,-2.25745452,-66.36572514000001,T02,0
6.77,677,-0.044,-1.012,0.003,0.8021411999999999,-0.9167328,-0.0572958,89.49031002000002,-2.25745452,-66.37718430000001,T02,0
6.78,678,-0.043,-1.012,0.006,0.9740286,-1.2605076000000002,0.0,89.50176918,-2.25745452,-66.38864346,T02,0
6.79,679,-0.044,-1.01,0.009,1.2032118,-2.1772404,0.2291832000000001,89.51322834,-2.2631841,-66.41156178,T02,0
6.8,680,-0.047,-1.008,0.01,1.2032118,-2.9220858,0.4010705999999999,89.53041707999998,-2.2631841,-66.44020968,T02,0
6.81,681,-0.048,-1.005,0.008,0.8021411999999999,-3.151269,0.3437748,89.5246875,-2.2746432600000004,-66.47458716,T02,0
6.82,682,-0.048,-1.005,0.004,0.3437748,-2.7501984,0.2291832000000001,89.53041707999998,-2.28037284,-66.50323506,T02,0
6.83,683,-0.047,-1.01,-0.001,-0.1718874,-2.4637194,0.1145916,89.53041707999998,-2.28037284,-66.52615338000001,T02,0
6.84,684,-0.043,-1.011,-0.01,-0.6875496,-2.4064236,0.1145916,89.5246875,-2.28037284,-66.54907170000001,T02,0
6.85,685,-0.04,-1.01,-0.011,-0.8594370000000001,-2.7501984,0.4010705999999999,89.51895792,-2.28610242,-66.5777196,T02,0
6.86,686,-0.042,-1.009,-0.011,-0.8021411999999999,-3.4377480000000005,0.6302538000000001,89.47312128,-2.2918320000000003,-66.61209708,T02,0
6.87,687,-0.046,-1.004,-0.013,-0.8021411999999999,-3.6096354,0.572958,89.46739170000002,-2.29756158,-66.64647456,T02,0
6.88,688,-0.049,-0.998,-0.012,-0.8021411999999999,-3.380452200000001,0.4010705999999999,89.46166212,-2.29756158,-66.68085204,T02,0
6.89,689,-0.051,-0.997,-0.013,-0.8021411999999999,-2.9220858,0.1145916,89.45593253999998,-2.29756158,-66.70949994,T02,0
6.9,690,-0.051,-0.998,-0.01,-0.6875496,-2.5210152000000003,-0.0572958,89.45020296,-2.29756158,-66.73241826,T02,0
6.91,691,-0.049,-1.003,-0.0069999999999999,-0.572958,-2.3491278,-0.0572958,89.39863674,-2.30902074,-66.76106616,T02,0
6.92,692,-0.049,-1.01,-0.008,-0.572958,-2.0626488000000003,-0.0572958,89.39290716000002,-2.30902074,-66.77825490000001,T02,0
6.93,693,-0.048,-1.012,-0.008,-0.8021411999999999,-1.7188740000000002,0.1145916,89.38144799999998,-2.30902074,-66.79544364,T02,0
6.94,694,-0.048,-1.01,-0.008,-0.8594370000000001,-1.8907614,0.1145916,89.37571842,-2.30902074,-66.81836196,T02,0
6.95,695,-0.046,-1.009,-0.009,-0.6302538000000001,-2.1199446,0.0572958,89.36998884,-2.30902074,-66.8355507,T02,0
6.96,696,-0.047,-1.007,-0.008,-0.286479,-2.1199446,-0.0572958,89.31269304,-2.3147503200000004,-66.85846902,T02,0
6.97,697,-0.048,-1.007,-0.009,0.0,-2.0053530000000004,-0.1145916,89.31842262,-2.3147503200000004,-66.87565776,T02,0
6.98,698,-0.049,-1.005,-0.008,0.0,-1.7761698,-0.2291832000000001,89.31842262,-2.30902074,-66.89284649999999,T02,0
